"filename", "language", "TypeScript", "TypeScript JSX", "comment", "blank", "total"
"e:\enLearn\packages\lowcode-framework\src\runtime\block-editor.ts", "TypeScript", 27, 0, 0, 4, 31
"e:\enLearn\packages\lowcode-framework\src\runtime\builtin-page-functions.ts", "TypeScript", 1, 0, 1, 1, 3
"e:\enLearn\packages\lowcode-framework\src\runtime\button-disabled\edit-buttons.ts", "TypeScript", 121, 0, 1, 4, 126
"e:\enLearn\packages\lowcode-framework\src\runtime\button-disabled\index.ts", "TypeScript", 3, 0, 0, 1, 4
"e:\enLearn\packages\lowcode-framework\src\runtime\button-disabled\main-buttons.ts", "TypeScript", 108, 0, 0, 8, 116
"e:\enLearn\packages\lowcode-framework\src\runtime\button-disabled\types.ts", "TypeScript", 11, 0, 0, 4, 15
"e:\enLearn\packages\lowcode-framework\src\runtime\data-source-request-resolver.ts", "TypeScript", 384, 0, 1, 51, 436
"e:\enLearn\packages\lowcode-framework\src\runtime\directives.ts", "TypeScript", 155, 0, 0, 15, 170
"e:\enLearn\packages\lowcode-framework\src\runtime\edit-page-mode.ts", "TypeScript", 54, 0, 1, 13, 68
"e:\enLearn\packages\lowcode-framework\src\runtime\global-dialog-core.ts", "TypeScript", 403, 0, 0, 40, 443
"e:\enLearn\packages\lowcode-framework\src\runtime\global-dialog.ts", "TypeScript", 7, 0, 0, 2, 9
"e:\enLearn\packages\lowcode-framework\src\runtime\global-drawer-core.ts", "TypeScript", 117, 0, 0, 21, 138
"e:\enLearn\packages\lowcode-framework\src\runtime\global-drawer.ts", "TypeScript", 1, 0, 0, 1, 2
"e:\enLearn\packages\lowcode-framework\src\runtime\grid-detail-submission.ts", "TypeScript", 150, 0, 0, 18, 168
"e:\enLearn\packages\lowcode-framework\src\runtime\index.ts", "TypeScript", 37, 0, 0, 2, 39
"e:\enLearn\packages\lowcode-framework\src\runtime\lowcode-context-drawer.tsx", "TypeScript JSX", 0, 51, 0, 4, 55
"e:\enLearn\packages\lowcode-framework\src\runtime\lowcode-context.ts", "TypeScript", 762, 0, 0, 52, 814
"e:\enLearn\packages\lowcode-framework\src\runtime\lowcode-page-script-runtime.ts", "TypeScript", 1081, 0, 1, 74, 1156
"e:\enLearn\packages\lowcode-framework\src\runtime\lowcode-pages.ts", "TypeScript", 338, 0, 4, 36, 378
"e:\enLearn\packages\lowcode-framework\src\runtime\mes-command.ts", "TypeScript", 160, 0, 1, 23, 184
"e:\enLearn\packages\lowcode-framework\src\runtime\node-action-registry.ts", "TypeScript", 82, 0, 0, 10, 92
"e:\enLearn\packages\lowcode-framework\src\runtime\option-source-registry.ts", "TypeScript", 225, 0, 1, 37, 263
"e:\enLearn\packages\lowcode-framework\src\runtime\page-data-controller.ts", "TypeScript", 913, 0, 1, 122, 1036
"e:\enLearn\packages\lowcode-framework\src\runtime\page-data-sources.ts", "TypeScript", 43, 0, 0, 8, 51
"e:\enLearn\packages\lowcode-framework\src\runtime\page-function\edit-page-function.ts", "TypeScript", 135, 0, 16, 2, 153
"e:\enLearn\packages\lowcode-framework\src\runtime\page-function\index.ts", "TypeScript", 27, 0, 4, 6, 37
"e:\enLearn\packages\lowcode-framework\src\runtime\page-function\list-page-function.ts", "TypeScript", 218, 0, 17, 14, 249
"e:\enLearn\packages\lowcode-framework\src\runtime\page-function\shared.ts", "TypeScript", 200, 0, 28, 24, 252
"e:\enLearn\packages\lowcode-framework\src\runtime\page-reference-dialog.tsx", "TypeScript JSX", 0, 473, 0, 53, 526
"e:\enLearn\packages\lowcode-framework\src\runtime\page-runtime.ts", "TypeScript", 548, 0, 8, 69, 625
"e:\enLearn\packages\lowcode-framework\src\runtime\page-schema-repository.ts", "TypeScript", 89, 0, 1, 16, 106
"e:\enLearn\packages\lowcode-framework\src\runtime\renderer-types.ts", "TypeScript", 19, 0, 0, 2, 21
"e:\enLearn\packages\lowcode-framework\src\runtime\renderer-value-utils.ts", "TypeScript", 42, 0, 0, 8, 50
"e:\enLearn\packages\lowcode-framework\src\runtime\row-action-state.ts", "TypeScript", 98, 0, 0, 13, 111
"e:\enLearn\packages\lowcode-framework\src\runtime\runtime-block-mapper.ts", "TypeScript", 190, 0, 1, 18, 209
"e:\enLearn\packages\lowcode-framework\src\runtime\runtime-directive-controller.ts", "TypeScript", 549, 0, 1, 70, 620
"e:\enLearn\packages\lowcode-framework\src\runtime\script-context-provider.ts", "TypeScript", 7, 0, 0, 3, 10
"e:\enLearn\packages\lowcode-framework\src\runtime\script-executors.ts", "TypeScript", 65, 0, 2, 15, 82
"e:\enLearn\packages\lowcode-framework\src\runtime\script-runtime.worker.ts", "TypeScript", 421, 0, 3, 34, 458
"e:\enLearn\packages\lowcode-framework\src\runtime\scripts.ts", "TypeScript", 538, 0, 1, 69, 608
"e:\enLearn\packages\lowcode-framework\src\runtime\useLowCodePageRenderer.ts", "TypeScript", 942, 0, 1, 79, 1022
"Total", "-", 9271, 524, 95, 1046, 10936