"path","sha256","bytes","touches_lowcode_pages","contains_full_schema_upsert"
"supabase-migrations/20260722093000_lowcode_pages.sql","f5c907a82a436e4cabcb6fbfeaf1dbc0f9e33286edc4d0047282df5c48eb6cf4","7556","True","False"
"supabase-migrations/20260722101000_admin_system_pages.sql","dcf082e7c8b166de551181e2572e1b6bda4414bdb9649bda13c83b6ddf48b008","36639","True","True"
"supabase-migrations/20260723112000_role_management_lowcode_module.sql","dcf2f3a4b8a1417a22a19e8c3dffeea81cc8c37970248e2543092379ea2e60f9","16629","True","True"
"supabase-migrations/20260726050000_update_user_role_lowcode_page.sql","c4dcb09277bdf4ff87c9c7cdd48c63b02c2a2559ec7ad45ca6e53ba62d23720b","14917","True","True"
"supabase-migrations/20260726062000_adjust_user_role_child_tabs.sql","df25a05927b25d8be8c21756343139bdea9ecc9c703a9fe55f087689a500a47b","4598","True","True"
"supabase-migrations/20260727010000_switch_user_table_to_permission_fields.sql","a633ca8ead27fe20820b6e0ace01186f4a04d6e1cffcc46ca0b47d5f645d72af","13193","False","True"
"supabase-migrations/20260727143000_menu_route_tree_editor.sql","12de1c545179ba569774d8f3a7bd809938576110cdd79739abbc671801f40c46","19338","True","True"
"supabase-migrations/20260727153000_remove_user_permission_list_form.sql","b5d09d6690fb1eb4428c380f2459f03c74b16110ea219095f81069ddc4e94713","2432","True","True"
"supabase-migrations/20260727170000_notification_system.sql","e53b88c04dde48f6f68837ee5cab01d4951ce0f5d44de5db9988a5e84bac7210","21053","True","True"
"supabase-migrations/20260728010000_system_execution_tasks_lowcode_page.sql","54825749d00cdb52b4e035a646dc1434e13b1ca3badaec8e67b6ca0fb019d89b","7464","True","True"
"supabase-migrations/20260728023000_workflow_job_entities_lowcode_pages.sql","6b5359a0d865c974c0898f07a63dc9c72fe133b45d260b7052911ec0ed87e246","14178","True","True"
"supabase-migrations/20260728033000_system_option_sources.sql","9fb6b9dabd30ef21cf59d09531c296a4aabbaa9b8e8baec04f51928ed806d79f","30399","True","True"
"supabase-migrations/20260728050000_notification_lowcode_pages.sql","cff775db8460e8f6059361995543cff1bb3b3757a83ad1ea32abaea87b2ee912","15021","True","True"
"supabase-migrations/20260728052000_align_system_lowcode_pages.sql","27018252a3a92cea5d6a3309c0e50862ec745d4c47a2935dde353720320adcf7","6966","True","False"
"supabase-migrations/20260729090000_file_storage_system.sql","a5b3954c88765779fc3953d2804c98e350886ae9babd61d4a070950e2f13f032","24105","True","True"
"supabase-migrations/20260729161000_align_workflow_job_pages.sql","0aac6f5a53ef0155066c4b5b8db52470e723d845bcfedacaa8dcafc0eba337dc","14099","True","True"
"supabase-migrations/20260801090000_unified_list_items.sql","d4497c3152521b3c0349ad065671f838a645c4c1c38c36fd2dbb49f36db406d3","11235","True","True"
"supabase-migrations/20260802090000_remove_admin_crud_method_aliases.sql","d8f7c912e3d53322b2c31847e40227c77c09af775a92a9afb09d1472c3267526","4365","True","False"
"supabase-migrations/20260802093000_remove_admin_execute_action_methods.sql","2c456d7fa221f86139a37647c5240ff194a5cc88a7a524795f2dbb4fa43472e8","4337","True","False"
"supabase-migrations/20260802094000_unify_notification_crud_methods.sql","97b9f0864725054e1b9b83bc45f4fa7b13581b54a117bc2c02e9318860a2394a","4653","True","False"
"supabase-migrations/20260803093000_sales_order_lowcode_page.sql","3dfbf6f8b5e56ec14a3195fb08235f4a64c84ab46dc89d199a47ee5e22a02376","13711","True","True"
"supabase-migrations/20260803100000_use_lowcode_edit_page_id.sql","029a30d41eda932d223b8723f7e8a75092cc3997b509de88586aedfa0a090fcc","1543","True","False"
"supabase-migrations/20260803123000_print_templates_lowcode_page.sql","557fbbc094cd960e0e7ddaaa20742a9c7a6f115fc8236fbbff97e7029b0109e3","15100","True","True"
"supabase-migrations/20260803130000_print_logs.sql","582abb86b6c60defe7024acbfb06d2b4d749498804c6835e8757d02cfbd14fce","24293","True","True"
"supabase-migrations/20260803160000_align_resource_names_with_tables.sql","d056a65f39786c664abcb4c70d4fd8cedb4acd856860e5418d435a83aa1284bd","3711","True","False"
"supabase-migrations/20260803170000_lowcode_page_type_column.sql","a1c20c40e6dacb9e6b2b372442682c4d32946fb94d13bb195f714f18d2c797d7","1834","True","False"
"supabase-migrations/20260803180000_approval_template_management.sql","1bdb7834e782b8647c19b0ddc92ece8d97e22d382d0ee2a2b0406a1c9625d4cf","23487","True","True"
"supabase-migrations/20260803200000_print_template_edit_page.sql","591723034bca73443637302e5b2c04edce190009a4dfba125a32e50a9153b4c7","3811","True","True"
"supabase-migrations/20260804183000_system_settings_lowcode_page.sql","e7a07d038784780fee44d48ce828197a2347bf4b3c1dacf12c5ed212748f05f9","18147","True","True"
"supabase-migrations/20260804190000_system_settings_edit_page.sql","d25f161ad9c754e3ff815acd7a0d3352f84919b2b992e3f3219792450f159822","22911","True","True"
"supabase-migrations/20260805090000_approval_progress_management.sql","9e2b3cad767c4655e6531d00885eba2e5559924038fcfdaed7cac412623026af","18148","True","True"
"supabase-migrations/20260805100000_system_option_source_edit_page.sql","8e15e28d2344601a9f60147b77f4a94efa41d6b4e728ef552b6137ed1591bd79","11257","True","True"
"supabase-migrations/20260805103000_system_settings_table_preferences.sql","09741744a79460998792e9997f1e355dd339f1e6b0f09b1acf1a233b02ad4b1a","46985","True","True"
"supabase-migrations/20260805183505_remove_system_option_source_form_actions.sql","89adb8e47f7391ae716f8259032556bf0d5ec64d176346ca35cefc1ce48f61ca","725","True","True"
"supabase-migrations/20260806100000_unify_account_scope_columns.sql","6ca2a8625425fa6877d76b6d726ddc9335130d9225efc323b4d679dec76481fb","18371","True","False"
"supabase-migrations/20260806210000_lowcode_generated_page_rpc.sql","cf4316bdd6b7105a1b5aab26505870e5019a045ce9a0f8f24811877a6ef4b4f6","2709","True","True"
"supabase-migrations/20260807090000_view_management.sql","2ccd9303ad5e09a39ac307496e0a86d3574b9174b1c8beab2514e9a7d3faa856","53150","True","True"
"supabase-migrations/20260807140000_planning_service.sql","e032dc18a09c46e50c3f98b4b8304f940eb66fc452f0df1e77ba8f4d35687c9d","537213","True","True"
"supabase-migrations/20260808160000_planning_extended_models.sql","2fd86af818be0d9d4dc61361130cc4b13e60688d800c6c177394f73a0c92b9b0","579705","True","True"
"supabase-migrations/20260808200000_lowcode_form_definitions.sql","261ffa366fc23953e028e031fd3c6f3474230365159a4037385c1830e83c08c7","36779","False","True"
"supabase-migrations/20260808210000_entity_design_load_physical_tables_form.sql","fdd9c0d57f9d6f17d67ff780aff2afd80acfb6b9af0b75e18363f699f684ac43","2376","False","True"
"supabase-migrations/20260808220000_fix_sales_order_edit_page.sql","1b22e5f5cc3816ad64d3ec85c093c9bd2b68317256a55240f4049be0ec95c981","29784","True","True"
"supabase-migrations/20260809100000_fix_sales_order_list_page_type.sql","1c963ab5329b51e1016e381116f95a4525f2c3f9b8dbda5cf4945c3099661a05","2026","True","True"
"supabase-migrations/20260809110000_dynamic_grid_association_options.sql","d31f2ccc36786ecba51b39e579ef20378588bcd39beb13a314711a5ced54446f","4843","True","False"
"supabase-migrations/20260809120000_planning_console.sql","f2fb44d0594026db88e62808d2b90abb1ba06c8b49c29c5d688bbf9c7ec5ea15","120430","True","True"
"supabase-migrations/20260809150000_lowcode_page_management_dynamic_route.sql","4f89c1f776f3aa2de0afd547df36d895bca1842c2650020e578f0fabae4d2c9e","6056","True","False"
"supabase-migrations/20260809160000_material_property_form_tabs.sql","0cd49d591b2b7520128c13e9db103b93e691adfa500e82ce5dc3c6cc07e071b0","23846","False","True"
"supabase-migrations/20260809180000_canonical_sub_form_schema.sql","cc7a65d669971785458e7eefe87f28097867aa94d97f451cb53a1f55a8341dfc","8634","True","True"
"supabase-migrations/20260809200000_grid_load_data_action.sql","e08ff1e267f1f5b17df4f8c36516ef1ac3c71998f0cfb8f76c2b74f64946fa9a","6705","True","True"
"supabase-migrations/20260809210000_lowcode_page_relation_names.sql","0330c649549899165d2237811ca34da48dec876de689861ae8701b4dab79414c","12981","True","False"
"supabase-migrations/20260810100000_planning_console_inner_tabs.sql","3285816121e0ebec856832775c2421efe4707697dc7467c7ee8c54c9570b7fa3","15639","True","True"
"supabase-migrations/20260810110000_unify_sales_order_status.sql","ce0f7d70d12bdf804ec4617bf822e88c0b8be844c860a33153a21c87d0d57edd","18143","True","True"
"supabase-migrations/20260810140000_planning_console_grid_tables.sql","70f8628ddd05cd92a4a3cf48d2ba7feebf0bb267ae7a0f259a97d57177c85516","4220","True","True"
"supabase-migrations/20260810150000_lowcode_grid_table_associations.sql","8d0500d4243d7aba3d29cc78d6dbfbe0e7675eed31be0e55d045065ffa73b619","11859","True","True"
"supabase-migrations/20260810181000_planning_console_script_context_forward_fix.sql","067831a7d7351eeea459bf0cf84c9457f5558dc9ce2149e57d4d128b6f88791b","1628","True","True"
"supabase-migrations/20260810190000_repair_invalid_lowcode_page_blocks.sql","df3211c14834db9bc8850a46df375db67b447edf327a23363136aeb56223b4e7","2338","True","False"
"supabase-migrations/20260810210000_planning_master_categories.sql","17ba7960964e3ec8a786e3e54d3f8fe06c260c6b89fabbd4c2b1f373670583b7","109260","True","True"
"supabase-migrations/20260811120000_planning_structure_pages.sql","4ad34941b8f944f2728e0cf6c3d8c8d95b41bc925d7bfbb036cd4a68825a4b2b","21225","True","True"
"supabase-migrations/20260811150000_sales_order_edit_form_log_button.sql","fe4e4944c3e579886ae50a6fec1a9ab005c8f6dc4d8903499f3ed99dfed184a0","2807","True","True"
"supabase-migrations/20260811160000_runtime_form_field_editor.sql","dc3ec4562dbab17f5e231197b849a681a6be5cca49a9faa27250cb8511b1b1e4","11323","False","True"
"supabase-migrations/20260811190000_mes_lowcode_pages.sql","4e5fa2791798792b118dcf45e5bcbe339bf4b318a1d0a349ae887bfff14adfe3","68682","True","True"
"supabase-migrations/20260812110000_mes_runtime_action_guards.sql","772458ffd6f6e6e77382ce672cdd95c6dcaa0a279e992cb77b0a18206661e70d","9669","True","True"
"supabase-migrations/20260812120000_sales_order_edit_save_details.sql","2c063c25df1b0ba4669090604fe249dbd1e5ff201572213a2843e1515928c6c7","20597","True","True"
"supabase-migrations/20260812150000_planning_operationmaterial_base_info.sql","0719917ff06c4a0fba0a94ce8c9da965c3fac49810db0b87ddf3bbf51866c4f8","5280","True","False"
"supabase-migrations/20260812170000_mes_command_conflicts_and_refresh.sql","462c5335ce7e9453c72e1865e2d3b2c7e053817d518cc1f9b8bfa570f543eac7","4530","True","True"
"supabase-migrations/20260812190000_restore_option_source_detail_grid.sql","093986b53e35494394d9cb72eb2e5f8e1b6bedfdf7ef7c1c5b1f0e4afa5aae4f","3867","True","True"
"supabase-migrations/20260812191000_sales_order_document_type_options.sql","3042151073a1cd1302df818ad1bd2438792e6055384870d5994c2d7aacf1a438","7818","True","True"
"supabase-migrations/20260812210000_document_number_generator.sql","bce6515103552e55598e2466c46334563c3a10518d7cff1b4ea12116cebf9b40","26591","True","True"
"supabase-migrations/20260812220000_normalize_lowcode_page_table_names.sql","1bcb8f60b248f3a73e25efd650406459009b05c276076c399802655b69296864","2073","True","False"
"supabase-migrations/20260813090000_planning_item_display_name.sql","9f94c4b50571f8ca39318e732a8d71451c20df1b2a482151874efa7aaa6654ce","16858","True","True"
"supabase-migrations/20260813110000_sales_order_item_base_info.sql","09f205c44a83d183ba2e60956d9f14e6672173fc649d760d93c9063fb26ed070","6600","True","True"
"supabase-migrations/20260813121000_sales_order_incremental_detail_save.sql","19d985bb468a068436b5a28585049a776fafdf71880ff766bb610fcf20b98f9f","8519","True","True"
"supabase-migrations/20260813130000_trigger_workflow_inspector_forms.sql","953f55192ac576c4e210325cba50aa8b724b38d5301b7c28c17d98abb14c86ca","34746","False","True"
"supabase-migrations/20260813140000_trigger_workflow_model_picker.sql","0b05941cf28a4f57277290676773716447cf1f02e1b0640ecb4cb0ba1be1f098","5015","True","True"
"supabase-migrations/20260813150000_ai_assistant.sql","c19ba852ae4c4002495835c9334764cd643c7be977976d84d1b037c060b93f10","45162","True","False"
"supabase-migrations/20260814130000_sales_order_print_designer_dialog.sql","009c64cd24ed31cb8d7b1b6b282d00dbfebcecb8bd00215820bd91cb9386d291","4701","True","True"
"supabase-migrations/20260816120000_workflow_model_management_lowcode_page.sql","474913613d101a3a7f5fdfd9259828c37ff9cc892596421916635be9d51c713b","9408","True","True"
"supabase-migrations/20260817100000_repair_dynamic_route_edit_binding.sql","c4b4749bfccab6a133ff8fb02904d00e0c3998494fd3586b92efd717650cc0f2","4222","True","True"
"supabase-migrations/20260817110000_planning_console_parameter_form.sql","b15b46b7c41a92bb4de2f43f5c25e7b750ac8e28c68ca2661b2ea4afc0c46232","21628","True","True"
"supabase-migrations/20260818100000_vxe_tabs_material_property_form.sql","d93a55f3c0a21af982951b5d7033f1e47237b983bb87efa117d48c52634bfa1f","2421","False","True"
"supabase-migrations/20260818110000_page_info_lowcode_editor_page.sql","cbcae2ef7cb910043567a80a06421dd351ef42d415d0c368042db0e622a698eb","2453","True","True"
"supabase-migrations/20260818120000_lowcode_pages_edit_page_info_form.sql","4cf717970042d3b1d9cefbdc845ddbb9f95b33690001930b759302e9efc937f4","4653","True","True"
"supabase-migrations/20260819100000_database_only_material_property_forms.sql","c2f780f9024203999444a5a5e72b20dc18d019f91376d19cf3c1115d99cb973d","196168","False","True"
"supabase-migrations/20260820103000_sales_order_ordered_qty_validation.sql","4e955519c258d490c7d9a773871b65f68666c0d7c369f93e2f8eacb5bbe6a061","3774","True","True"
"supabase-migrations/20260820110000_sales_order_ordered_qty_field_binding.sql","f2dda71c319f5154575b60e0b13bb2266a03ea26dfaf9021cd34049a091b2c6d","5422","True","True"
"supabase-migrations/20260821110000_planning_console_runtime_capabilities_forward_fix.sql","d9d5abf471f1de2c4519ddace70930407fd96b48bd998e774d75b3e5f5d6d7d3","1962","True","True"
"supabase-migrations/20260821113000_planning_console_select_submitted_version.sql","caef70761d7f9a7f09a24f7ac65b78b4f6ec5cd9298ba5a1a45d780c1d5d3c19","6762","True","True"
"supabase-migrations/20260821123000_planning_console_gantt_delivery_plans.sql","ce563f49f6b7171772c4732177a1d884396d3ded9f0997825d9929646e7cd186","3270","True","True"
"supabase-migrations/20260822100000_planning_console_script_context_payload_fix.sql","a7675e0ea88d62dc282754a3c057a6ee74ddd214e5f6543c1c51d08225c2283a","2098","True","True"
"supabase-migrations/20260823100000_planning_console_grid_list_items.sql","24306990ff726eacb669bb2f88f2bfbf82df7b6d6704b6ea0ef2cc1c590f66bd","15145","True","True"
"supabase-migrations/20260824120000_auto_create_lowcode_page_for_admin_route.sql","9e74cf34e13ecc722fdf2998334fe31eccc02eb97f1427cd0e9503ec3f9a43b5","2867","True","False"
"supabase-migrations/20260824130000_repair_lowcode_pages_edit_data_binding.sql","06a29762ca6eb0c6c54c19df4f49c06469e402d43a268776544eab06d610e8c5","2959","True","True"
"supabase-migrations/20260825200000_form_definition_designer_button.sql","6fc6113bd917c37817eeee36bc5dbf412893afd542da6663ab76d19da0044307","6915","True","True"
"supabase-migrations/20260826120000_planning_gantt_display_settings_form.sql","fb88466f33eea00f9ddd7f6bc878b2e76a7e97c2a1a973ccead1e26c254794f2","1990","False","True"
"supabase-migrations/20260826121000_planning_console_gantt_form_binding.sql","e746b26430d6b9b2bf6ecc5951604634e3f60e145511d0dc2a24557987fec906","2524","True","True"
"supabase-migrations/20260826130000_grid_designer_form_schemas.sql","db138a21cf2a7afbf87bb5c842264be50e8568e4bdaf346225a1af940058edc5","50281","False","True"
"supabase-migrations/20260826143000_grid_detail_schema_save.sql","3dec612d6a99772eb67fa9b049610ac1703869f75ddca943952c093f65093f41","10430","True","True"
"supabase-migrations/20260826150000_bind_option_items_filter_to_form.sql","f0a26c9fd34d8a0efa37144720ff10360d7f14b9f3018828ce1ec1e864107205","1354","True","True"
"supabase-migrations/20260827100000_form_node_data_source_binding.sql","53ddb4d24676b521e5666c8dfd4e9254b4e483de07c1758cd65f0cd28154630b","3994","True","True"
"supabase-migrations/20260827110000_sales_order_form_node_source.sql","d6722e42b61c486357f7964bc8788ab3725bf14d30501c6292f320831438b234","2505","True","True"
"supabase-migrations/20260827120000_planning_itemsupplier_relations_view.sql","bd32bc683bb8c13747d3fa15d9610306e42123128e450ac8dd5c91d8a3ad02dc","10615","True","True"
"supabase-migrations/20260828120000_use_default_value_for_function_defaults.sql","1a90025054e405ba870c04bbf0bd5c3d809041e620b91a0513eb03daabe0186b","3930","True","False"
"supabase-migrations/20260828130000_clear_dynamic_form_default_initial_values.sql","17321a855524d525e0bd0aaed9f26af454cb44b817ebeb76fbcca45ca51cfc08","1911","True","False"
"supabase-migrations/20260828160000_planning_category_target_type_option_source.sql","41029c16a149c742866d337b0b7d1db0c0609f691747743f439864c223034c00","6648","True","True"
"supabase-migrations/20260828180000_form_definition_designer_execute_function.sql","bad2aa2c0156cf4247e1286cc0fe1433e718e538c26c2bec348d79a247355700","5793","True","True"
"supabase-migrations/20260828190000_form_definition_page_list_type.sql","b1d171cd6303f148eae3abe6ed107293f7d3706f2d7568215febe81da0b84995","1377","True","True"
"supabase-migrations/20260829130000_planning_operationresource_view.sql","dca7674744d48ad443e9483a83b5e32ace5682a450054e2dd37ec8aae54ba91e","5767","True","True"
"supabase-migrations/20260830100000_planning_itemsupplier_view_binding.sql","73291911b226d2532f422e8d770894d2d6d01ee52d71334328075723f147231c","8313","True","True"
"supabase-migrations/20260831100000_planning_itemdistribution_view_binding.sql","c59f2423691a3b17a33ae66ca8a36315ab2d6368fde3453c6f760082b6476650","13514","True","True"
"supabase-migrations/20260831110000_planning_buffer_view_binding.sql","957583ec3e9d485d2793e713a7008117664f00810fd6c12f71098c521a4e00a9","12863","True","True"
"supabase-migrations/20260831120000_planning_relation_views_all_pages.sql","2dcc0723382721c9250b49b835226ec38be89d8717ebafdeacbd81711b7abb82","12207","True","True"
"supabase-migrations/20260831130000_planning_relation_grid_columns.sql","c067a303083d5c412c3290ffe81370bd8149e1ea6592499b435e3398a6255db2","4753","True","True"
"supabase-migrations/20260831170000_button_group_designer_form_schema.sql","16f6fd1d9e091ec118ee5857e28db5949a47b9759f0c2ff8609172f1877bae54","7874","False","True"
"supabase-migrations/20260901090000_restore_sales_order_print_designer_button.sql","22288346bc70d38af511accae22c8fa3251a648a8ce0ed3d7370f4157e9a4b66","4776","True","True"
"supabase-migrations/20260902090000_planning_route_designer_lowcode_page.sql","1179c4d54143e499210787d1681513fac30716bcc50f9da5d4c4e702da5b8149","16648","True","True"
"supabase-migrations/20260903110000_planning_suboperation_view_search.sql","e3998a8b9f1a48c220733987abeb660e4148fabf0134e230c504d61ffc424a5c","14039","True","True"
"supabase-migrations/20260903120000_planning_operation_relation_view_binding.sql","63200deb11d82c14c12895f773b5b8ab110d40e4d8d7b45e622c9ac7ae9f1955","15923","True","True"
"supabase-migrations/20260904113000_approval_workflow_lowcode.sql","4709e878163f5ce1e5a8bff5b92a8290719a851f69a0889bb244ca0af20a2fdb","10143","False","True"
"supabase-migrations/20260904113100_approval_workflow_designer_page.sql","382e721ca30fd022d2aad3039ccc92ae65bddce323dcca590cb39f9228d7c6dd","2471","True","True"
"supabase-migrations/20260904140000_approval_workflow_material_property.sql","bc59a4fe2dcef7770631706a944f8022d46c77992996673fea64c8be00e10bc2","1582","False","True"
"supabase-migrations/20260905100000_approval_workflow_page_functions.sql","7f5ebdc8b957bfa0792f7fb7964996b169290741cc701185282656917b5f0ad7","19688","True","True"
"supabase-migrations/20260905110000_trigger_workflow_lowcode_designer.sql","db7fbffc9f2f3612680b23c8f33179e1075cc78b4574060794a7e4b4e61493de","19548","True","True"
"supabase-migrations/20260905130000_restore_planning_console_schema.sql","598865461e39632c33ee704c4609c9c4c1e0c5403048c7d7b00d470868eed7c5","119935","True","True"
"supabase-migrations/20260906100000_fix_planning_route_option_mapping.sql","6702601eefcc40346932218f1ca4f190881c32b143ed0d9c6132f22b089ba393","2092","True","True"
"supabase-migrations/20260906110000_enterprise_training_lowcode_entities.sql","7cd385a140e4a763246601693bd2180176e1fe34b24e287130f94729cd92d37b","13983","True","True"
"supabase-migrations/20260906110000_sales_order_block_id_source_keys.sql","e580fb2fca0b3e114bb585e8439f69c87e9deec1c5e2198d0052bc1b06a4454a","5590","True","True"
"supabase-migrations/20260906113000_sales_order_nested_source_keys.sql","5c17f50a4ac8271722c99f35a481211f47144934fc3541513c8175b6df1540d5","2086","True","True"
"supabase-migrations/20260906120000_enterprise_training_grid_only.sql","c8d7fecb18439375b2e6154939b536211155ca9c161c3f75dc6b5bef6f679a02","1617","True","True"
"supabase-migrations/20260906130000_training_progress_audit_columns.sql","41989ccce99b0a569d092271ff627df12e702beb4bd2d5ffb254db824b1a031a","1924","True","True"
"supabase-migrations/20260906140000_training_course_edit_page.sql","e7a2fa698330ba41d4bad87aec63b70d405ecfaf88e806b1a932b132a3fd8fdd","9411","True","True"
"supabase-migrations/20260906150000_vxe_upload_material.sql","7236b6dac20767dfae303f4a6394a62557abf166042f5e7f5deee22a30dbf64d","13309","False","True"
"supabase-migrations/20260906160000_planning_relation_option_source_views.sql","dda5e907d81e2cd2c894b9200f2938596c4689afb4c18b08a7d1c9c06a965d58","8367","True","True"
"supabase-migrations/20260906170000_sales_orders_related_view_columns.sql","cb04dec518e06e0b663f9645f1d119cbe2167d54cedc65819fd62f7f17b9eaa0","9795","True","True"
"supabase-migrations/20260906180000_planning_demand_related_view.sql","98e0fba576df9ce899782fc73f1e6e78bfba9015282685393e8c48128739196d","7163","True","True"
"supabase-migrations/20260906190000_planning_route_designer_new_route_dialog.sql","be729a010daced6835a4b1e817a5962398eb852671c1082516021df98f4a91cc","3568","True","True"
"supabase-migrations/20260906200000_planning_operation_calendar_view_option.sql","cf1e29cbac6864e331f9ce402f26de7138c00ee554c685cde9448d8307f152cf","3094","True","True"
"supabase-migrations/20260907210000_planning_route_designer_bom_tree_grid.sql","fa75b5b27a33b1d3b62c746aba2adc1c16ca15f0a5703530f74ec8efd6e43c13","12453","True","True"
"supabase-migrations/20260907220000_training_chapter_edit_page.sql","d716b6146885c77867afb6cc7ea778af081155e07fb739035ab440d1fcaeb65c","13777","True","True"
"supabase-migrations/20260907230000_label_designer_lowcode_material.sql","5b95d48c60ad420caf3fb44c79d8b140019dd54dcd484473053430f8bd6d36ca","17124","True","True"
"supabase-migrations/20260907230000_vxe_upload_artplayer_inline_preview.sql","b861192c7454e61e7f33d0139ea0c7a901c76b5f71665fe096c2e1747f8e6ffa","14512","True","True"
