"filename", "language", "TypeScript", "TypeScript JSX", "JSON with Comments", "Vue", "SCSS", "JSON", "Markdown", "comment", "blank", "total"
"e:\enLearn\packages\lowcode-framework\README.md", "Markdown", 0, 0, 0, 0, 0, 0, 1686, 0, 419, 2105
"e:\enLearn\packages\lowcode-framework\package.json", "JSON", 0, 0, 0, 0, 0, 86, 0, 0, 1, 87
"e:\enLearn\packages\lowcode-framework\src\components\GlobalDialogHost.tsx", "TypeScript JSX", 0, 643, 0, 0, 0, 0, 0, 1, 84, 728
"e:\enLearn\packages\lowcode-framework\src\components\GlobalDrawerHost.tsx", "TypeScript JSX", 0, 85, 0, 0, 0, 0, 0, 0, 8, 93
"e:\enLearn\packages\lowcode-framework\src\components\JsonDialogInput.vue", "Vue", 0, 0, 0, 64, 0, 0, 0, 0, 6, 70
"e:\enLearn\packages\lowcode-framework\src\components\JsonDialogInput.vue.d.ts", "TypeScript", 35, 0, 0, 0, 0, 0, 0, 0, 1, 36
"e:\enLearn\packages\lowcode-framework\src\components\LcVxeModalRenderer.tsx", "TypeScript JSX", 0, 46, 0, 0, 0, 0, 0, 0, 6, 52
"e:\enLearn\packages\lowcode-framework\src\components\LegacyWidgets.tsx", "TypeScript JSX", 0, 676, 0, 0, 0, 0, 0, 0, 33, 709
"e:\enLearn\packages\lowcode-framework\src\components\LowCodeBlockChildren.vue", "Vue", 0, 0, 0, 55, 0, 0, 0, 0, 6, 61
"e:\enLearn\packages\lowcode-framework\src\components\LowCodeBlockRenderer.vue", "Vue", 0, 0, 0, 45, 0, 0, 0, 0, 5, 50
"e:\enLearn\packages\lowcode-framework\src\components\LowCodeCategoryDrawer.vue", "Vue", 0, 0, 0, 415, 0, 0, 0, 0, 45, 460
"e:\enLearn\packages\lowcode-framework\src\components\LowCodeCategoryTreeNode.vue", "Vue", 0, 0, 0, 195, 0, 0, 0, 0, 26, 221
"e:\enLearn\packages\lowcode-framework\src\components\LowCodeContextDrawerPanel.vue", "Vue", 0, 0, 0, 793, 0, 0, 0, 0, 90, 883
"e:\enLearn\packages\lowcode-framework\src\components\LowCodeForm.vue", "Vue", 0, 0, 0, 993, 0, 0, 0, 14, 123, 1130
"e:\enLearn\packages\lowcode-framework\src\components\LowCodeForm.vue.d.ts", "TypeScript", 87, 0, 0, 0, 0, 0, 0, 0, 1, 88
"e:\enLearn\packages\lowcode-framework\src\components\LowCodeFormField.vue", "Vue", 0, 0, 0, 123, 0, 0, 0, 2, 19, 144
"e:\enLearn\packages\lowcode-framework\src\components\LowCodeFormField.vue.d.ts", "TypeScript", 40, 0, 0, 0, 0, 0, 0, 0, 1, 41
"e:\enLearn\packages\lowcode-framework\src\components\LowCodeFormLayout.vue", "Vue", 0, 0, 0, 215, 0, 0, 0, 0, 34, 249
"e:\enLearn\packages\lowcode-framework\src\components\LowCodeFormLayout.vue.d.ts", "TypeScript", 19, 0, 0, 0, 0, 0, 0, 1, 0, 20
"e:\enLearn\packages\lowcode-framework\src\components\LowCodeGrid.vue", "Vue", 0, 0, 0, 579, 0, 0, 0, 0, 69, 648
"e:\enLearn\packages\lowcode-framework\src\components\LowCodeGrid.vue.d.ts", "TypeScript", 55, 0, 0, 0, 0, 0, 0, 0, 5, 60
"e:\enLearn\packages\lowcode-framework\src\components\LowCodeOverlayHost.vue", "Vue", 0, 0, 0, 55, 0, 0, 0, 0, 6, 61
"e:\enLearn\packages\lowcode-framework\src\components\LowCodePageRenderer.vue", "Vue", 0, 0, 0, 3602, 0, 0, 0, 0, 417, 4019
"e:\enLearn\packages\lowcode-framework\src\components\LowCodeTreeItem.vue", "Vue", 0, 0, 0, 27, 0, 0, 0, 0, 4, 31
"e:\enLearn\packages\lowcode-framework\src\components\LowCodeVisualDesigner.vue", "Vue", 0, 0, 0, 1418, 0, 0, 0, 0, 148, 1566
"e:\enLearn\packages\lowcode-framework\src\components\SystemMenuTreeNode.vue", "Vue", 0, 0, 0, 180, 0, 0, 0, 0, 15, 195
"e:\enLearn\packages\lowcode-framework\src\components\VisualEditorProvider.vue", "Vue", 0, 0, 0, 133, 0, 0, 0, 0, 17, 150
"e:\enLearn\packages\lowcode-framework\src\components\json-dialog-input.d.ts", "TypeScript", 27, 0, 0, 0, 0, 0, 0, 0, 4, 31
"e:\enLearn\packages\lowcode-framework\src\components\low-code-form.d.ts", "TypeScript", 125, 0, 0, 0, 0, 0, 0, 0, 10, 135
"e:\enLearn\packages\lowcode-framework\src\core\host.ts", "TypeScript", 282, 0, 0, 0, 0, 0, 0, 0, 36, 318
"e:\enLearn\packages\lowcode-framework\src\core\index.ts", "TypeScript", 8, 0, 0, 0, 0, 0, 0, 0, 1, 9
"e:\enLearn\packages\lowcode-framework\src\core\system-settings.ts", "TypeScript", 440, 0, 0, 0, 0, 0, 0, 4, 31, 475
"e:\enLearn\packages\lowcode-framework\src\designer\design-dialog.ts", "TypeScript", 131, 0, 0, 0, 0, 0, 0, 0, 9, 140
"e:\enLearn\packages\lowcode-framework\src\designer\index.ts", "TypeScript", 35, 0, 0, 0, 0, 0, 0, 0, 2, 37
"e:\enLearn\packages\lowcode-framework\src\enums\httpEnum.ts", "TypeScript", 19, 0, 0, 0, 0, 0, 0, 13, 3, 35
"e:\enLearn\packages\lowcode-framework\src\enums\index.ts", "TypeScript", 3, 0, 0, 0, 0, 0, 0, 10, 2, 15
"e:\enLearn\packages\lowcode-framework\src\hooks\useAnimate.ts", "TypeScript", 40, 0, 0, 0, 0, 0, 0, 12, 10, 62
"e:\enLearn\packages\lowcode-framework\src\hooks\useGlobalProperties.ts", "TypeScript", 16, 0, 0, 0, 0, 0, 0, 7, 5, 28
"e:\enLearn\packages\lowcode-framework\src\index.ts", "TypeScript", 5, 0, 0, 0, 0, 0, 0, 0, 2, 7
"e:\enLearn\packages\lowcode-framework\src\lowcode\actions\builtins.ts", "TypeScript", 423, 0, 0, 0, 0, 0, 0, 0, 27, 450
"e:\enLearn\packages\lowcode-framework\src\lowcode\actions\index.ts", "TypeScript", 1, 0, 0, 0, 0, 0, 0, 0, 1, 2
"e:\enLearn\packages\lowcode-framework\src\lowcode\block-materials\button-group\index.ts", "TypeScript", 15, 0, 0, 0, 0, 0, 0, 0, 2, 17
"e:\enLearn\packages\lowcode-framework\src\lowcode\block-materials\button-group\index.vue", "Vue", 0, 0, 0, 314, 0, 0, 0, 0, 36, 350
"e:\enLearn\packages\lowcode-framework\src\lowcode\block-materials\container\index.ts", "TypeScript", 11, 0, 0, 0, 0, 0, 0, 0, 2, 13
"e:\enLearn\packages\lowcode-framework\src\lowcode\block-materials\container\index.vue", "Vue", 0, 0, 0, 31, 0, 0, 0, 0, 3, 34
"e:\enLearn\packages\lowcode-framework\src\lowcode\block-materials\defaults.ts", "TypeScript", 308, 0, 0, 0, 0, 0, 0, 0, 19, 327
"e:\enLearn\packages\lowcode-framework\src\lowcode\block-materials\detail\index.ts", "TypeScript", 11, 0, 0, 0, 0, 0, 0, 0, 2, 13
"e:\enLearn\packages\lowcode-framework\src\lowcode\block-materials\detail\index.vue", "Vue", 0, 0, 0, 18, 0, 0, 0, 0, 3, 21
"e:\enLearn\packages\lowcode-framework\src\lowcode\block-materials\drawer\index.ts", "TypeScript", 11, 0, 0, 0, 0, 0, 0, 0, 2, 13
"e:\enLearn\packages\lowcode-framework\src\lowcode\block-materials\drawer\index.vue", "Vue", 0, 0, 0, 34, 0, 0, 0, 0, 3, 37
"e:\enLearn\packages\lowcode-framework\src\lowcode\block-materials\form\index.ts", "TypeScript", 15, 0, 0, 0, 0, 0, 0, 0, 2, 17
"e:\enLearn\packages\lowcode-framework\src\lowcode\block-materials\form\index.vue", "Vue", 0, 0, 0, 185, 0, 0, 0, 0, 15, 200
"e:\enLearn\packages\lowcode-framework\src\lowcode\block-materials\grid\index.ts", "TypeScript", 15, 0, 0, 0, 0, 0, 0, 0, 2, 17
"e:\enLearn\packages\lowcode-framework\src\lowcode\block-materials\grid\index.vue", "Vue", 0, 0, 0, 463, 0, 0, 0, 0, 44, 507
"e:\enLearn\packages\lowcode-framework\src\lowcode\block-materials\grid\page-grid-menu.ts", "TypeScript", 82, 0, 0, 0, 0, 0, 0, 0, 6, 88
"e:\enLearn\packages\lowcode-framework\src\lowcode\block-materials\grid\runtime-grid-designer.ts", "TypeScript", 305, 0, 0, 0, 0, 0, 0, 0, 33, 338
"e:\enLearn\packages\lowcode-framework\src\lowcode\block-materials\grid\runtime-grid-field-editor.ts", "TypeScript", 318, 0, 0, 0, 0, 0, 0, 3, 33, 354
"e:\enLearn\packages\lowcode-framework\src\lowcode\block-materials\helpers.ts", "TypeScript", 110, 0, 0, 0, 0, 0, 0, 0, 16, 126
"e:\enLearn\packages\lowcode-framework\src\lowcode\block-materials\index.ts", "TypeScript", 57, 0, 0, 0, 0, 0, 0, 0, 14, 71
"e:\enLearn\packages\lowcode-framework\src\lowcode\block-materials\modal\index.ts", "TypeScript", 11, 0, 0, 0, 0, 0, 0, 0, 2, 13
"e:\enLearn\packages\lowcode-framework\src\lowcode\block-materials\modal\index.vue", "Vue", 0, 0, 0, 125, 0, 0, 0, 0, 12, 137
"e:\enLearn\packages\lowcode-framework\src\lowcode\block-materials\planning-bom\index.ts", "TypeScript", 15, 0, 0, 0, 0, 0, 0, 0, 2, 17
"e:\enLearn\packages\lowcode-framework\src\lowcode\block-materials\planning-bom\index.vue", "Vue", 0, 0, 0, 597, 0, 0, 0, 0, 60, 657
"e:\enLearn\packages\lowcode-framework\src\lowcode\block-materials\planning-flow\index.ts", "TypeScript", 15, 0, 0, 0, 0, 0, 0, 0, 2, 17
"e:\enLearn\packages\lowcode-framework\src\lowcode\block-materials\planning-flow\index.vue", "Vue", 0, 0, 0, 839, 0, 0, 0, 0, 64, 903
"e:\enLearn\packages\lowcode-framework\src\lowcode\block-materials\planning-gantt\GanttDisplaySettings.vue", "Vue", 0, 0, 0, 91, 0, 0, 0, 0, 8, 99
"e:\enLearn\packages\lowcode-framework\src\lowcode\block-materials\planning-gantt\display-settings.ts", "TypeScript", 49, 0, 0, 0, 0, 0, 0, 0, 6, 55
"e:\enLearn\packages\lowcode-framework\src\lowcode\block-materials\planning-gantt\index.ts", "TypeScript", 15, 0, 0, 0, 0, 0, 0, 0, 2, 17
"e:\enLearn\packages\lowcode-framework\src\lowcode\block-materials\planning-gantt\index.vue", "Vue", 0, 0, 0, 426, 0, 0, 0, 0, 33, 459
"e:\enLearn\packages\lowcode-framework\src\lowcode\block-materials\runtime-form-designer.ts", "TypeScript", 247, 0, 0, 0, 0, 0, 0, 0, 29, 276
"e:\enLearn\packages\lowcode-framework\src\lowcode\block-materials\runtime-form-field-editor.ts", "TypeScript", 399, 0, 0, 0, 0, 0, 0, 0, 34, 433
"e:\enLearn\packages\lowcode-framework\src\lowcode\block-materials\runtime-form-relation-options.ts", "TypeScript", 422, 0, 0, 0, 0, 0, 0, 0, 42, 464
"e:\enLearn\packages\lowcode-framework\src\lowcode\block-materials\search-form\index.ts", "TypeScript", 16, 0, 0, 0, 0, 0, 0, 0, 2, 18
"e:\enLearn\packages\lowcode-framework\src\lowcode\block-materials\search-form\index.vue", "Vue", 0, 0, 0, 166, 0, 0, 0, 0, 13, 179
"e:\enLearn\packages\lowcode-framework\src\lowcode\block-materials\section\index.ts", "TypeScript", 11, 0, 0, 0, 0, 0, 0, 0, 2, 13
"e:\enLearn\packages\lowcode-framework\src\lowcode\block-materials\section\index.vue", "Vue", 0, 0, 0, 29, 0, 0, 0, 0, 3, 32
"e:\enLearn\packages\lowcode-framework\src\lowcode\block-materials\stat-card\index.ts", "TypeScript", 12, 0, 0, 0, 0, 0, 0, 0, 2, 14
"e:\enLearn\packages\lowcode-framework\src\lowcode\block-materials\stat-card\index.vue", "Vue", 0, 0, 0, 19, 0, 0, 0, 0, 3, 22
"e:\enLearn\packages\lowcode-framework\src\lowcode\block-materials\tabs\index.ts", "TypeScript", 15, 0, 0, 0, 0, 0, 0, 0, 2, 17
"e:\enLearn\packages\lowcode-framework\src\lowcode\block-materials\tabs\index.vue", "Vue", 0, 0, 0, 64, 0, 0, 0, 0, 6, 70
"e:\enLearn\packages\lowcode-framework\src\lowcode\block-materials\text\index.ts", "TypeScript", 11, 0, 0, 0, 0, 0, 0, 0, 2, 13
"e:\enLearn\packages\lowcode-framework\src\lowcode\block-materials\text\index.vue", "Vue", 0, 0, 0, 12, 0, 0, 0, 0, 3, 15
"e:\enLearn\packages\lowcode-framework\src\lowcode\block-materials\toolbar\index.ts", "TypeScript", 11, 0, 0, 0, 0, 0, 0, 0, 2, 13
"e:\enLearn\packages\lowcode-framework\src\lowcode\block-materials\toolbar\index.vue", "Vue", 0, 0, 0, 93, 0, 0, 0, 0, 7, 100
"e:\enLearn\packages\lowcode-framework\src\lowcode\block-materials\tree\index.ts", "TypeScript", 11, 0, 0, 0, 0, 0, 0, 0, 2, 13
"e:\enLearn\packages\lowcode-framework\src\lowcode\block-materials\tree\index.vue", "Vue", 0, 0, 0, 20, 0, 0, 0, 0, 3, 23
"e:\enLearn\packages\lowcode-framework\src\lowcode\block-materials\types.ts", "TypeScript", 83, 0, 0, 0, 0, 0, 0, 0, 7, 90
"e:\enLearn\packages\lowcode-framework\src\lowcode\builtin-pages\index.ts", "TypeScript", 18, 0, 0, 0, 0, 0, 0, 0, 5, 23
"e:\enLearn\packages\lowcode-framework\src\lowcode\event-system.ts", "TypeScript", 71, 0, 0, 0, 0, 0, 0, 0, 11, 82
"e:\enLearn\packages\lowcode-framework\src\lowcode\form-definition-loader.ts", "TypeScript", 31, 0, 0, 0, 0, 0, 0, 0, 5, 36
"e:\enLearn\packages\lowcode-framework\src\lowcode\form-materials\base-info\index.ts", "TypeScript", 8, 0, 0, 0, 0, 0, 0, 0, 2, 10
"e:\enLearn\packages\lowcode-framework\src\lowcode\form-materials\base-info\index.vue", "Vue", 0, 0, 0, 746, 0, 0, 0, 0, 68, 814
"e:\enLearn\packages\lowcode-framework\src\lowcode\form-materials\base-info\relate-info.ts", "TypeScript", 286, 0, 0, 0, 0, 0, 0, 0, 44, 330
"e:\enLearn\packages\lowcode-framework\src\lowcode\form-materials\index.d.ts", "TypeScript", 7, 0, 0, 0, 0, 0, 0, 1, 1, 9
"e:\enLearn\packages\lowcode-framework\src\lowcode\form-materials\index.ts", "TypeScript", 52, 0, 0, 0, 0, 0, 0, 0, 14, 66
"e:\enLearn\packages\lowcode-framework\src\lowcode\form-materials\lc-array-table\index.ts", "TypeScript", 8, 0, 0, 0, 0, 0, 0, 0, 2, 10
"e:\enLearn\packages\lowcode-framework\src\lowcode\form-materials\lc-array-table\index.vue", "Vue", 0, 0, 0, 1373, 0, 0, 0, 0, 185, 1558
"e:\enLearn\packages\lowcode-framework\src\lowcode\form-materials\lc-cascader\index.ts", "TypeScript", 8, 0, 0, 0, 0, 0, 0, 0, 2, 10
"e:\enLearn\packages\lowcode-framework\src\lowcode\form-materials\lc-cascader\index.vue", "Vue", 0, 0, 0, 32, 0, 0, 0, 0, 6, 38
"e:\enLearn\packages\lowcode-framework\src\lowcode\form-materials\lc-color-picker\index.ts", "TypeScript", 8, 0, 0, 0, 0, 0, 0, 0, 2, 10
"e:\enLearn\packages\lowcode-framework\src\lowcode\form-materials\lc-color-picker\index.vue", "Vue", 0, 0, 0, 36, 0, 0, 0, 0, 7, 43
"e:\enLearn\packages\lowcode-framework\src\lowcode\form-materials\lc-json-editor\index.ts", "TypeScript", 8, 0, 0, 0, 0, 0, 0, 0, 2, 10
"e:\enLearn\packages\lowcode-framework\src\lowcode\form-materials\lc-json-editor\index.vue", "Vue", 0, 0, 0, 300, 0, 0, 0, 0, 46, 346
"e:\enLearn\packages\lowcode-framework\src\lowcode\form-materials\lc-json-editor\index.vue.d.ts", "TypeScript", 8, 0, 0, 0, 0, 0, 0, 0, 1, 9
"e:\enLearn\packages\lowcode-framework\src\lowcode\form-materials\lc-monaco-editor\index.ts", "TypeScript", 9, 0, 0, 0, 0, 0, 0, 0, 2, 11
"e:\enLearn\packages\lowcode-framework\src\lowcode\form-materials\lc-monaco-editor\index.vue", "Vue", 0, 0, 0, 640, 0, 0, 0, 0, 62, 702
"e:\enLearn\packages\lowcode-framework\src\lowcode\form-materials\lc-number-input\index.ts", "TypeScript", 8, 0, 0, 0, 0, 0, 0, 0, 2, 10
"e:\enLearn\packages\lowcode-framework\src\lowcode\form-materials\lc-number-input\index.vue", "Vue", 0, 0, 0, 24, 0, 0, 0, 0, 4, 28
"e:\enLearn\packages\lowcode-framework\src\lowcode\form-materials\lc-option-select\index.ts", "TypeScript", 8, 0, 0, 0, 0, 0, 0, 0, 2, 10
"e:\enLearn\packages\lowcode-framework\src\lowcode\form-materials\lc-option-select\index.vue", "Vue", 0, 0, 0, 78, 0, 0, 0, 0, 16, 94
"e:\enLearn\packages\lowcode-framework\src\lowcode\form-materials\lc-sub-form\index.ts", "TypeScript", 8, 0, 0, 0, 0, 0, 0, 0, 2, 10
"e:\enLearn\packages\lowcode-framework\src\lowcode\form-materials\lc-sub-form\index.vue", "Vue", 0, 0, 0, 165, 0, 0, 0, 0, 28, 193
"e:\enLearn\packages\lowcode-framework\src\lowcode\form-materials\types.d.ts", "TypeScript", 24, 0, 0, 0, 0, 0, 0, 0, 1, 25
"e:\enLearn\packages\lowcode-framework\src\lowcode\form-materials\types.ts", "TypeScript", 31, 0, 0, 0, 0, 0, 0, 0, 6, 37
"e:\enLearn\packages\lowcode-framework\src\lowcode\form-materials\useLowCodeFormMaterialModel.ts", "TypeScript", 11, 0, 0, 0, 0, 0, 0, 0, 2, 13
"e:\enLearn\packages\lowcode-framework\src\lowcode\form-materials\vxe-checkbox-group\index.ts", "TypeScript", 9, 0, 0, 0, 0, 0, 0, 0, 2, 11
"e:\enLearn\packages\lowcode-framework\src\lowcode\form-materials\vxe-checkbox-group\index.vue", "Vue", 0, 0, 0, 20, 0, 0, 0, 0, 4, 24
"e:\enLearn\packages\lowcode-framework\src\lowcode\form-materials\vxe-input\index.ts", "TypeScript", 9, 0, 0, 0, 0, 0, 0, 0, 2, 11
"e:\enLearn\packages\lowcode-framework\src\lowcode\form-materials\vxe-input\index.vue", "Vue", 0, 0, 0, 16, 0, 0, 0, 0, 4, 20
"e:\enLearn\packages\lowcode-framework\src\lowcode\form-materials\vxe-password-input\index.ts", "TypeScript", 9, 0, 0, 0, 0, 0, 0, 0, 2, 11
"e:\enLearn\packages\lowcode-framework\src\lowcode\form-materials\vxe-password-input\index.vue", "Vue", 0, 0, 0, 16, 0, 0, 0, 0, 4, 20
"e:\enLearn\packages\lowcode-framework\src\lowcode\form-materials\vxe-radio-group\index.ts", "TypeScript", 9, 0, 0, 0, 0, 0, 0, 0, 2, 11
"e:\enLearn\packages\lowcode-framework\src\lowcode\form-materials\vxe-radio-group\index.vue", "Vue", 0, 0, 0, 20, 0, 0, 0, 0, 4, 24
"e:\enLearn\packages\lowcode-framework\src\lowcode\form-materials\vxe-select\index.ts", "TypeScript", 9, 0, 0, 0, 0, 0, 0, 0, 2, 11
"e:\enLearn\packages\lowcode-framework\src\lowcode\form-materials\vxe-select\index.vue", "Vue", 0, 0, 0, 25, 0, 0, 0, 0, 4, 29
"e:\enLearn\packages\lowcode-framework\src\lowcode\form-materials\vxe-switch\index.ts", "TypeScript", 9, 0, 0, 0, 0, 0, 0, 0, 2, 11
"e:\enLearn\packages\lowcode-framework\src\lowcode\form-materials\vxe-switch\index.vue", "Vue", 0, 0, 0, 16, 0, 0, 0, 0, 4, 20
"e:\enLearn\packages\lowcode-framework\src\lowcode\form-materials\vxe-textarea\index.ts", "TypeScript", 9, 0, 0, 0, 0, 0, 0, 0, 2, 11
"e:\enLearn\packages\lowcode-framework\src\lowcode\form-materials\vxe-textarea\index.vue", "Vue", 0, 0, 0, 16, 0, 0, 0, 0, 4, 20
"e:\enLearn\packages\lowcode-framework\src\lowcode\form-materials\vxe-tree-select\index.ts", "TypeScript", 9, 0, 0, 0, 0, 0, 0, 0, 2, 11
"e:\enLearn\packages\lowcode-framework\src\lowcode\form-materials\vxe-tree-select\index.vue", "Vue", 0, 0, 0, 20, 0, 0, 0, 0, 4, 24
"e:\enLearn\packages\lowcode-framework\src\lowcode\form-schema.ts", "TypeScript", 84, 0, 0, 0, 0, 0, 0, 0, 10, 94
"e:\enLearn\packages\lowcode-framework\src\lowcode\metadata-options.ts", "TypeScript", 36, 0, 0, 0, 0, 0, 0, 0, 6, 42
"e:\enLearn\packages\lowcode-framework\src\lowcode\schema.ts", "TypeScript", 815, 0, 0, 0, 0, 0, 0, 0, 126, 941
"e:\enLearn\packages\lowcode-framework\src\lowcode\visual-converters\helpers.ts", "TypeScript", 494, 0, 0, 0, 0, 0, 0, 0, 65, 559
"e:\enLearn\packages\lowcode-framework\src\lowcode\visual-converters\index.ts", "TypeScript", 936, 0, 0, 0, 0, 0, 0, 2, 72, 1010
"e:\enLearn\packages\lowcode-framework\src\lowcode\visual-converters\layout\index.ts", "TypeScript", 115, 0, 0, 0, 0, 0, 0, 0, 12, 127
"e:\enLearn\packages\lowcode-framework\src\lowcode\visual-converters\lowcode-button-group\index.ts", "TypeScript", 133, 0, 0, 0, 0, 0, 0, 0, 14, 147
"e:\enLearn\packages\lowcode-framework\src\lowcode\visual-converters\lowcode-edit-form\index.ts", "TypeScript", 154, 0, 0, 0, 0, 0, 0, 0, 14, 168
"e:\enLearn\packages\lowcode-framework\src\lowcode\visual-converters\lowcode-grid\index.ts", "TypeScript", 324, 0, 0, 0, 0, 0, 0, 0, 29, 353
"e:\enLearn\packages\lowcode-framework\src\lowcode\visual-converters\lowcode-modal\index.ts", "TypeScript", 61, 0, 0, 0, 0, 0, 0, 0, 7, 68
"e:\enLearn\packages\lowcode-framework\src\lowcode\visual-converters\lowcode-search-form\index.ts", "TypeScript", 66, 0, 0, 0, 0, 0, 0, 0, 4, 70
"e:\enLearn\packages\lowcode-framework\src\lowcode\visual-converters\planning-visual\index.ts", "TypeScript", 87, 0, 0, 0, 0, 0, 0, 0, 8, 95
"e:\enLearn\packages\lowcode-framework\src\lowcode\visual-converters\types.ts", "TypeScript", 46, 0, 0, 0, 0, 0, 0, 0, 6, 52
"e:\enLearn\packages\lowcode-framework\src\lowcode\visual-converters\vxe-tabs\index.ts", "TypeScript", 63, 0, 0, 0, 0, 0, 0, 0, 7, 70
"e:\enLearn\packages\lowcode-framework\src\materials\index.ts", "TypeScript", 45, 0, 0, 0, 0, 0, 0, 0, 9, 54
"e:\enLearn\packages\lowcode-framework\src\packages\base-widgets\array-table\index.tsx", "TypeScript JSX", 0, 141, 0, 0, 0, 0, 0, 0, 15, 156
"e:\enLearn\packages\lowcode-framework\src\packages\base-widgets\button\index.tsx", "TypeScript JSX", 0, 25, 0, 0, 0, 0, 0, 0, 3, 28
"e:\enLearn\packages\lowcode-framework\src\packages\base-widgets\checkbox\index.tsx", "TypeScript JSX", 0, 14, 0, 0, 0, 0, 0, 0, 2, 16
"e:\enLearn\packages\lowcode-framework\src\packages\base-widgets\datetimePicker\index.tsx", "TypeScript JSX", 0, 18, 0, 0, 0, 0, 0, 0, 1, 19
"e:\enLearn\packages\lowcode-framework\src\packages\base-widgets\divider\index.tsx", "TypeScript JSX", 0, 8, 0, 0, 0, 0, 0, 0, 1, 9
"e:\enLearn\packages\lowcode-framework\src\packages\base-widgets\image\index.tsx", "TypeScript JSX", 0, 35, 0, 0, 0, 0, 0, 3, 3, 41
"e:\enLearn\packages\lowcode-framework\src\packages\base-widgets\index.ts", "TypeScript", 14, 0, 0, 0, 0, 0, 0, 0, 6, 20
"e:\enLearn\packages\lowcode-framework\src\packages\base-widgets\input\index.tsx", "TypeScript JSX", 0, 19, 0, 0, 0, 0, 0, 0, 2, 21
"e:\enLearn\packages\lowcode-framework\src\packages\base-widgets\nav-bar\index.tsx", "TypeScript JSX", 0, 52, 0, 0, 0, 0, 0, 0, 5, 57
"e:\enLearn\packages\lowcode-framework\src\packages\base-widgets\notice-bar\index.tsx", "TypeScript JSX", 0, 26, 0, 0, 0, 0, 0, 0, 2, 28
"e:\enLearn\packages\lowcode-framework\src\packages\base-widgets\picker\index.tsx", "TypeScript JSX", 0, 63, 0, 0, 0, 0, 0, 0, 4, 67
"e:\enLearn\packages\lowcode-framework\src\packages\base-widgets\process\index.tsx", "TypeScript JSX", 0, 3, 0, 0, 0, 0, 0, 0, 1, 4
"e:\enLearn\packages\lowcode-framework\src\packages\base-widgets\radio\index.tsx", "TypeScript JSX", 0, 8, 0, 0, 0, 0, 0, 0, 1, 9
"e:\enLearn\packages\lowcode-framework\src\packages\base-widgets\rate\index.tsx", "TypeScript JSX", 0, 8, 0, 0, 0, 0, 0, 0, 1, 9
"e:\enLearn\packages\lowcode-framework\src\packages\base-widgets\slider\index.tsx", "TypeScript JSX", 0, 30, 0, 0, 0, 0, 0, 0, 2, 32
"e:\enLearn\packages\lowcode-framework\src\packages\base-widgets\stepper\index.tsx", "TypeScript JSX", 0, 33, 0, 0, 0, 0, 0, 0, 2, 35
"e:\enLearn\packages\lowcode-framework\src\packages\base-widgets\sub-form\index.tsx", "TypeScript JSX", 0, 56, 0, 0, 0, 0, 0, 0, 5, 61
"e:\enLearn\packages\lowcode-framework\src\packages\base-widgets\swipe\index.tsx", "TypeScript JSX", 0, 34, 0, 0, 0, 0, 0, 0, 3, 37
"e:\enLearn\packages\lowcode-framework\src\packages\base-widgets\switch\index.tsx", "TypeScript JSX", 0, 30, 0, 0, 0, 0, 0, 0, 2, 32
"e:\enLearn\packages\lowcode-framework\src\packages\base-widgets\tabbar\index.tsx", "TypeScript JSX", 0, 64, 0, 0, 0, 0, 0, 0, 3, 67
"e:\enLearn\packages\lowcode-framework\src\packages\base-widgets\tabbar\tabbar-item.tsx", "TypeScript JSX", 0, 5, 0, 0, 0, 0, 0, 0, 1, 6
"e:\enLearn\packages\lowcode-framework\src\packages\base-widgets\text\fontArr.ts", "TypeScript", 46, 0, 0, 0, 0, 0, 0, 8, 1, 55
"e:\enLearn\packages\lowcode-framework\src\packages\base-widgets\text\index.tsx", "TypeScript JSX", 0, 6, 0, 0, 0, 0, 0, 0, 1, 7
"e:\enLearn\packages\lowcode-framework\src\packages\business-component\index.ts", "TypeScript", 18, 0, 0, 0, 0, 0, 0, 0, 5, 23
"e:\enLearn\packages\lowcode-framework\src\packages\business-component\lowcode-button-group\index.tsx", "TypeScript JSX", 0, 84, 0, 0, 0, 0, 0, 0, 9, 93
"e:\enLearn\packages\lowcode-framework\src\packages\business-component\lowcode-edit-form\index.tsx", "TypeScript JSX", 0, 51, 0, 0, 0, 0, 0, 0, 4, 55
"e:\enLearn\packages\lowcode-framework\src\packages\business-component\lowcode-grid\index.tsx", "TypeScript JSX", 0, 112, 0, 0, 0, 0, 0, 0, 11, 123
"e:\enLearn\packages\lowcode-framework\src\packages\business-component\lowcode-modal\index.tsx", "TypeScript JSX", 0, 56, 0, 0, 0, 0, 0, 0, 4, 60
"e:\enLearn\packages\lowcode-framework\src\packages\business-component\lowcode-search-form\index.tsx", "TypeScript JSX", 0, 65, 0, 0, 0, 0, 0, 0, 8, 73
"e:\enLearn\packages\lowcode-framework\src\packages\business-component\planning-bom\index.tsx", "TypeScript JSX", 0, 33, 0, 0, 0, 0, 0, 0, 2, 35
"e:\enLearn\packages\lowcode-framework\src\packages\business-component\planning-flow\index.tsx", "TypeScript JSX", 0, 24, 0, 0, 0, 0, 0, 0, 3, 27
"e:\enLearn\packages\lowcode-framework\src\packages\business-component\planning-gantt\index.tsx", "TypeScript JSX", 0, 25, 0, 0, 0, 0, 0, 0, 2, 27
"e:\enLearn\packages\lowcode-framework\src\packages\business-component\planning-visual-designer.tsx", "TypeScript JSX", 0, 107, 0, 0, 0, 0, 0, 0, 7, 114
"e:\enLearn\packages\lowcode-framework\src\packages\chart-component\index.tsx", "TypeScript JSX", 0, 139, 0, 0, 0, 0, 0, 0, 9, 148
"e:\enLearn\packages\lowcode-framework\src\packages\container-component\form\index.module.scss", "SCSS", 0, 0, 0, 0, 3, 0, 0, 7, 1, 11
"e:\enLearn\packages\lowcode-framework\src\packages\container-component\form\index.tsx", "TypeScript JSX", 0, 56, 0, 0, 0, 0, 0, 0, 6, 62
"e:\enLearn\packages\lowcode-framework\src\packages\container-component\index.ts", "TypeScript", 19, 0, 0, 0, 0, 0, 0, 0, 5, 24
"e:\enLearn\packages\lowcode-framework\src\packages\container-component\layout\index.module.scss", "SCSS", 0, 0, 0, 0, 114, 0, 0, 7, 13, 134
"e:\enLearn\packages\lowcode-framework\src\packages\container-component\layout\index.tsx", "TypeScript JSX", 0, 170, 0, 0, 0, 0, 0, 0, 7, 177
"e:\enLearn\packages\lowcode-framework\src\packages\container-component\vxe-tabs\index.module.scss", "SCSS", 0, 0, 0, 0, 69, 0, 0, 0, 12, 81
"e:\enLearn\packages\lowcode-framework\src\packages\container-component\vxe-tabs\index.tsx", "TypeScript JSX", 0, 122, 0, 0, 0, 0, 0, 0, 5, 127
"e:\enLearn\packages\lowcode-framework\src\runtime\block-editor.ts", "TypeScript", 27, 0, 0, 0, 0, 0, 0, 0, 4, 31
"e:\enLearn\packages\lowcode-framework\src\runtime\builtin-page-functions.ts", "TypeScript", 1, 0, 0, 0, 0, 0, 0, 1, 1, 3
"e:\enLearn\packages\lowcode-framework\src\runtime\button-disabled\detail-buttons.ts", "TypeScript", 0, 0, 0, 0, 0, 0, 0, 0, 1, 1
"e:\enLearn\packages\lowcode-framework\src\runtime\button-disabled\edit-buttons.ts", "TypeScript", 121, 0, 0, 0, 0, 0, 0, 1, 4, 126
"e:\enLearn\packages\lowcode-framework\src\runtime\button-disabled\index.ts", "TypeScript", 3, 0, 0, 0, 0, 0, 0, 0, 1, 4
"e:\enLearn\packages\lowcode-framework\src\runtime\button-disabled\main-buttons.ts", "TypeScript", 90, 0, 0, 0, 0, 0, 0, 0, 8, 98
"e:\enLearn\packages\lowcode-framework\src\runtime\button-disabled\types.ts", "TypeScript", 11, 0, 0, 0, 0, 0, 0, 0, 4, 15
"e:\enLearn\packages\lowcode-framework\src\runtime\directives.ts", "TypeScript", 187, 0, 0, 0, 0, 0, 0, 0, 33, 220
"e:\enLearn\packages\lowcode-framework\src\runtime\edit-page-mode.ts", "TypeScript", 54, 0, 0, 0, 0, 0, 0, 1, 13, 68
"e:\enLearn\packages\lowcode-framework\src\runtime\global-dialog-core.ts", "TypeScript", 403, 0, 0, 0, 0, 0, 0, 0, 40, 443
"e:\enLearn\packages\lowcode-framework\src\runtime\global-dialog.d.ts", "TypeScript", 200, 0, 0, 0, 0, 0, 0, 0, 1, 201
"e:\enLearn\packages\lowcode-framework\src\runtime\global-dialog.ts", "TypeScript", 7, 0, 0, 0, 0, 0, 0, 0, 2, 9
"e:\enLearn\packages\lowcode-framework\src\runtime\global-drawer-core.ts", "TypeScript", 117, 0, 0, 0, 0, 0, 0, 0, 21, 138
"e:\enLearn\packages\lowcode-framework\src\runtime\global-drawer.ts", "TypeScript", 1, 0, 0, 0, 0, 0, 0, 0, 1, 2
"e:\enLearn\packages\lowcode-framework\src\runtime\grid-node-actions.ts", "TypeScript", 1, 0, 0, 0, 0, 0, 0, 1, 1, 3
"e:\enLearn\packages\lowcode-framework\src\runtime\index.ts", "TypeScript", 39, 0, 0, 0, 0, 0, 0, 0, 2, 41
"e:\enLearn\packages\lowcode-framework\src\runtime\lowcode-context-drawer.tsx", "TypeScript JSX", 0, 51, 0, 0, 0, 0, 0, 0, 4, 55
"e:\enLearn\packages\lowcode-framework\src\runtime\lowcode-context.ts", "TypeScript", 889, 0, 0, 0, 0, 0, 0, 0, 51, 940
"e:\enLearn\packages\lowcode-framework\src\runtime\lowcode-pages.ts", "TypeScript", 199, 0, 0, 0, 0, 0, 0, 3, 26, 228
"e:\enLearn\packages\lowcode-framework\src\runtime\mes-command.ts", "TypeScript", 160, 0, 0, 0, 0, 0, 0, 1, 23, 184
"e:\enLearn\packages\lowcode-framework\src\runtime\node-action-registry.ts", "TypeScript", 108, 0, 0, 0, 0, 0, 0, 5, 12, 125
"e:\enLearn\packages\lowcode-framework\src\runtime\node-action-runtime.ts", "TypeScript", 69, 0, 0, 0, 0, 0, 0, 0, 4, 73
"e:\enLearn\packages\lowcode-framework\src\runtime\node-action\button-group-action.ts", "TypeScript", 7, 0, 0, 0, 0, 0, 0, 4, 2, 13
"e:\enLearn\packages\lowcode-framework\src\runtime\node-action\form-action.ts", "TypeScript", 200, 0, 0, 0, 0, 0, 0, 0, 28, 228
"e:\enLearn\packages\lowcode-framework\src\runtime\node-action\grid-action.ts", "TypeScript", 546, 0, 0, 0, 0, 0, 0, 1, 63, 610
"e:\enLearn\packages\lowcode-framework\src\runtime\node-action\index.ts", "TypeScript", 42, 0, 0, 0, 0, 0, 0, 0, 7, 49
"e:\enLearn\packages\lowcode-framework\src\runtime\option-source-registry.ts", "TypeScript", 225, 0, 0, 0, 0, 0, 0, 1, 37, 263
"e:\enLearn\packages\lowcode-framework\src\runtime\page-function\edit-page-function.ts", "TypeScript", 135, 0, 0, 0, 0, 0, 0, 16, 2, 153
"e:\enLearn\packages\lowcode-framework\src\runtime\page-function\index.ts", "TypeScript", 27, 0, 0, 0, 0, 0, 0, 4, 6, 37
"e:\enLearn\packages\lowcode-framework\src\runtime\page-function\list-page-function.ts", "TypeScript", 108, 0, 0, 0, 0, 0, 0, 16, 2, 126
"e:\enLearn\packages\lowcode-framework\src\runtime\page-function\shared.ts", "TypeScript", 197, 0, 0, 0, 0, 0, 0, 28, 24, 249
"e:\enLearn\packages\lowcode-framework\src\runtime\page-reference-dialog.tsx", "TypeScript JSX", 0, 473, 0, 0, 0, 0, 0, 0, 53, 526
"e:\enLearn\packages\lowcode-framework\src\runtime\page-runtime.ts", "TypeScript", 540, 0, 0, 0, 0, 0, 0, 8, 69, 617
"e:\enLearn\packages\lowcode-framework\src\runtime\row-action-state.d.ts", "TypeScript", 14, 0, 0, 0, 0, 0, 0, 0, 1, 15
"e:\enLearn\packages\lowcode-framework\src\runtime\row-action-state.ts", "TypeScript", 98, 0, 0, 0, 0, 0, 0, 0, 13, 111
"e:\enLearn\packages\lowcode-framework\src\runtime\script-context-provider.ts", "TypeScript", 7, 0, 0, 0, 0, 0, 0, 0, 3, 10
"e:\enLearn\packages\lowcode-framework\src\runtime\script-runtime.worker.ts", "TypeScript", 413, 0, 0, 0, 0, 0, 0, 1, 33, 447
"e:\enLearn\packages\lowcode-framework\src\runtime\scripts.d.ts", "TypeScript", 80, 0, 0, 0, 0, 0, 0, 1, 1, 82
"e:\enLearn\packages\lowcode-framework\src\runtime\scripts.ts", "TypeScript", 539, 0, 0, 0, 0, 0, 0, 1, 68, 608
"e:\enLearn\packages\lowcode-framework\src\styles\global-dialog.scss", "SCSS", 0, 0, 0, 0, 120, 0, 0, 0, 23, 143
"e:\enLearn\packages\lowcode-framework\src\styles\visual-editor-utilities.scss", "SCSS", 0, 0, 0, 0, 1569, 0, 0, 0, 294, 1863
"e:\enLearn\packages\lowcode-framework\src\types\framework-env.d.ts", "TypeScript", 29, 0, 0, 0, 0, 0, 0, 0, 7, 36
"e:\enLearn\packages\lowcode-framework\src\types\lowcode.d.ts", "TypeScript", 615, 0, 0, 0, 0, 0, 0, 59, 1, 675
"e:\enLearn\packages\lowcode-framework\src\types\lowcode.ts", "TypeScript", 690, 0, 0, 0, 0, 0, 0, 59, 74, 823
"e:\enLearn\packages\lowcode-framework\src\types\visual-editor-jsx.d.ts", "TypeScript", 27, 0, 0, 0, 0, 0, 0, 0, 7, 34
"e:\enLearn\packages\lowcode-framework\src\types\vue-shim.d.ts", "TypeScript", 5, 0, 0, 0, 0, 0, 0, 0, 2, 7
"e:\enLearn\packages\lowcode-framework\src\utils\admin-navigation.ts", "TypeScript", 130, 0, 0, 0, 0, 0, 0, 0, 20, 150
"e:\enLearn\packages\lowcode-framework\src\utils\lowcode.ts", "TypeScript", 122, 0, 0, 0, 0, 0, 0, 0, 17, 139
"e:\enLearn\packages\lowcode-framework\src\utils\visual-to-lowcode.ts", "TypeScript", 21, 0, 0, 0, 0, 0, 0, 0, 3, 24
"e:\enLearn\packages\lowcode-framework\src\visual-editor\components\button-group-designer\button-group-designer.service.tsx", "TypeScript JSX", 0, 767, 0, 0, 0, 0, 0, 1, 74, 842
"e:\enLearn\packages\lowcode-framework\src\visual-editor\components\button-group-designer\button-script-monaco.ts", "TypeScript", 415, 0, 0, 0, 0, 0, 0, 0, 29, 444
"e:\enLearn\packages\lowcode-framework\src\visual-editor\components\common\designer-ui\index.tsx", "TypeScript JSX", 0, 633, 0, 0, 0, 0, 0, 0, 43, 676
"e:\enLearn\packages\lowcode-framework\src\visual-editor\components\common\format-input-number\index.module.scss", "SCSS", 0, 0, 0, 0, 7, 0, 0, 0, 1, 8
"e:\enLearn\packages\lowcode-framework\src\visual-editor\components\common\format-input-number\index.tsx", "TypeScript JSX", 0, 70, 0, 0, 0, 0, 0, 9, 6, 85
"e:\enLearn\packages\lowcode-framework\src\visual-editor\components\common\monaco-editor\MonacoEditor.module.scss", "SCSS", 0, 0, 0, 0, 13, 0, 0, 7, 1, 21
"e:\enLearn\packages\lowcode-framework\src\visual-editor\components\common\monaco-editor\MonacoEditor.tsx", "TypeScript JSX", 0, 109, 0, 0, 0, 0, 0, 27, 11, 147
"e:\enLearn\packages\lowcode-framework\src\visual-editor\components\common\monaco-editor\monaco.ts", "TypeScript", 18, 0, 0, 0, 0, 0, 0, 1, 6, 25
"e:\enLearn\packages\lowcode-framework\src\visual-editor\components\common\remix-icons.tsx", "TypeScript JSX", 0, 47, 0, 0, 0, 0, 0, 0, 3, 50
"e:\enLearn\packages\lowcode-framework\src\visual-editor\components\form-designer\form-designer.service.tsx", "TypeScript JSX", 0, 983, 0, 0, 0, 0, 0, 1, 134, 1118
"e:\enLearn\packages\lowcode-framework\src\visual-editor\components\grid-designer\grid-designer.service.tsx", "TypeScript JSX", 0, 2901, 0, 0, 0, 0, 0, 0, 229, 3130
"e:\enLearn\packages\lowcode-framework\src\visual-editor\components\header\index.vue", "Vue", 0, 0, 0, 289, 0, 0, 0, 0, 40, 329
"e:\enLearn\packages\lowcode-framework\src\visual-editor\components\header\preview.vue", "Vue", 0, 0, 0, 47, 0, 0, 0, 0, 10, 57
"e:\enLearn\packages\lowcode-framework\src\visual-editor\components\header\useTools.tsx", "TypeScript JSX", 0, 273, 0, 0, 0, 0, 0, 7, 21, 301
"e:\enLearn\packages\lowcode-framework\src\visual-editor\components\left-aside\components\base-widgets\index.module.scss", "SCSS", 0, 0, 0, 0, 55, 0, 0, 0, 5, 60
"e:\enLearn\packages\lowcode-framework\src\visual-editor\components\left-aside\components\base-widgets\index.tsx", "TypeScript JSX", 0, 40, 0, 0, 0, 0, 0, 9, 5, 54
"e:\enLearn\packages\lowcode-framework\src\visual-editor\components\left-aside\components\business-component\index.module.scss", "SCSS", 0, 0, 0, 0, 55, 0, 0, 0, 5, 60
"e:\enLearn\packages\lowcode-framework\src\visual-editor\components\left-aside\components\business-component\index.tsx", "TypeScript JSX", 0, 40, 0, 0, 0, 0, 0, 0, 4, 44
"e:\enLearn\packages\lowcode-framework\src\visual-editor\components\left-aside\components\chart-component\index.tsx", "TypeScript JSX", 0, 50, 0, 0, 0, 0, 0, 0, 7, 57
"e:\enLearn\packages\lowcode-framework\src\visual-editor\components\left-aside\components\column-components\index.tsx", "TypeScript JSX", 0, 137, 0, 0, 0, 0, 0, 0, 18, 155
"e:\enLearn\packages\lowcode-framework\src\visual-editor\components\left-aside\components\container-component\index.module.scss", "SCSS", 0, 0, 0, 0, 55, 0, 0, 0, 5, 60
"e:\enLearn\packages\lowcode-framework\src\visual-editor\components\left-aside\components\container-component\index.tsx", "TypeScript JSX", 0, 42, 0, 0, 0, 0, 0, 9, 4, 55
"e:\enLearn\packages\lowcode-framework\src\visual-editor\components\left-aside\components\custom-component\index.vue", "Vue", 0, 0, 0, 11, 0, 0, 0, 1, 4, 16
"e:\enLearn\packages\lowcode-framework\src\visual-editor\components\left-aside\components\data-source\data-fetch.vue", "Vue", 0, 0, 0, 242, 0, 0, 0, 8, 20, 270
"e:\enLearn\packages\lowcode-framework\src\visual-editor\components\left-aside\components\data-source\data-model.vue", "Vue", 0, 0, 0, 260, 0, 0, 0, 8, 21, 289
"e:\enLearn\packages\lowcode-framework\src\visual-editor\components\left-aside\components\data-source\entity-data-source.vue", "Vue", 0, 0, 0, 562, 0, 0, 0, 0, 70, 632
"e:\enLearn\packages\lowcode-framework\src\visual-editor\components\left-aside\components\data-source\index.vue", "Vue", 0, 0, 0, 33, 0, 0, 0, 8, 5, 46
"e:\enLearn\packages\lowcode-framework\src\visual-editor\components\left-aside\components\data-source\utils.tsx", "TypeScript JSX", 0, 93, 0, 0, 0, 0, 0, 16, 4, 113
"e:\enLearn\packages\lowcode-framework\src\visual-editor\components\left-aside\components\form-components\index.tsx", "TypeScript JSX", 0, 41, 0, 0, 0, 0, 0, 0, 5, 46
"e:\enLearn\packages\lowcode-framework\src\visual-editor\components\left-aside\components\index.ts", "TypeScript", 11, 0, 0, 0, 0, 0, 0, 0, 5, 16
"e:\enLearn\packages\lowcode-framework\src\visual-editor\components\left-aside\components\outline-tree\LayerBlockList.vue", "Vue", 0, 0, 0, 565, 0, 0, 0, 0, 93, 658
"e:\enLearn\packages\lowcode-framework\src\visual-editor\components\left-aside\components\outline-tree\index.vue", "Vue", 0, 0, 0, 101, 0, 0, 0, 0, 15, 116
"e:\enLearn\packages\lowcode-framework\src\visual-editor\components\left-aside\components\page-tree\index.vue", "Vue", 0, 0, 0, 213, 0, 0, 0, 1, 21, 235
"e:\enLearn\packages\lowcode-framework\src\visual-editor\components\left-aside\index.vue", "Vue", 0, 0, 0, 106, 0, 0, 0, 8, 18, 132
"e:\enLearn\packages\lowcode-framework\src\visual-editor\components\modal-designer\modal-designer.service.tsx", "TypeScript JSX", 0, 183, 0, 0, 0, 0, 0, 0, 18, 201
"e:\enLearn\packages\lowcode-framework\src\visual-editor\components\right-attribute-panel\components\animate\Animate.tsx", "TypeScript JSX", 0, 156, 0, 0, 0, 0, 0, 25, 15, 196
"e:\enLearn\packages\lowcode-framework\src\visual-editor\components\right-attribute-panel\components\animate\animate.module.scss", "SCSS", 0, 0, 0, 0, 60, 0, 0, 0, 10, 70
"e:\enLearn\packages\lowcode-framework\src\visual-editor\components\right-attribute-panel\components\animate\animateConfig.ts", "TypeScript", 452, 0, 0, 0, 0, 0, 0, 4, 18, 474
"e:\enLearn\packages\lowcode-framework\src\visual-editor\components\right-attribute-panel\components\attr-editor\index.tsx", "TypeScript JSX", 0, 111, 0, 0, 0, 0, 0, 8, 8, 127
"e:\enLearn\packages\lowcode-framework\src\visual-editor\components\right-attribute-panel\components\event-action\index.tsx", "TypeScript JSX", 0, 254, 0, 0, 0, 0, 0, 41, 14, 309
"e:\enLearn\packages\lowcode-framework\src\visual-editor\components\right-attribute-panel\components\form-rule\index.tsx", "TypeScript JSX", 0, 44, 0, 0, 0, 0, 0, 8, 2, 54
"e:\enLearn\packages\lowcode-framework\src\visual-editor\components\right-attribute-panel\components\index.ts", "TypeScript", 5, 0, 0, 0, 0, 0, 0, 8, 2, 15
"e:\enLearn\packages\lowcode-framework\src\visual-editor\components\right-attribute-panel\components\page-setting\pageSetting.tsx", "TypeScript JSX", 0, 43, 0, 0, 0, 0, 0, 8, 5, 56
"e:\enLearn\packages\lowcode-framework\src\visual-editor\components\right-attribute-panel\components\page-setting\styles.module.scss", "SCSS", 0, 0, 0, 0, 19, 0, 0, 0, 2, 21
"e:\enLearn\packages\lowcode-framework\src\visual-editor\components\right-attribute-panel\index.module.scss", "SCSS", 0, 0, 0, 0, 289, 0, 0, 15, 44, 348
"e:\enLearn\packages\lowcode-framework\src\visual-editor\components\right-attribute-panel\index.tsx", "TypeScript JSX", 0, 84, 0, 0, 0, 0, 0, 9, 6, 99
"e:\enLearn\packages\lowcode-framework\src\visual-editor\components\simulator-editor\comp-render.tsx", "TypeScript JSX", 0, 49, 0, 0, 0, 0, 0, 8, 7, 64
"e:\enLearn\packages\lowcode-framework\src\visual-editor\components\simulator-editor\draggable-transition-group.vue", "Vue", 0, 0, 0, 108, 0, 0, 0, 0, 15, 123
"e:\enLearn\packages\lowcode-framework\src\visual-editor\components\simulator-editor\func.scss", "SCSS", 0, 0, 0, 0, 45, 0, 0, 15, 13, 73
"e:\enLearn\packages\lowcode-framework\src\visual-editor\components\simulator-editor\simulator-editor.vue", "Vue", 0, 0, 0, 995, 0, 0, 0, 0, 105, 1100
"e:\enLearn\packages\lowcode-framework\src\visual-editor\components\simulator-editor\slot-item.vue", "Vue", 0, 0, 0, 134, 0, 0, 0, 0, 16, 150
"e:\enLearn\packages\lowcode-framework\src\visual-editor\designer-script-context.ts", "TypeScript", 98, 0, 0, 0, 0, 0, 0, 0, 7, 105
"e:\enLearn\packages\lowcode-framework\src\visual-editor\form-designer-context.ts", "TypeScript", 12, 0, 0, 0, 0, 0, 0, 0, 5, 17
"e:\enLearn\packages\lowcode-framework\src\visual-editor\hooks\useDotProp.ts", "TypeScript", 11, 0, 0, 0, 0, 0, 0, 7, 1, 19
"e:\enLearn\packages\lowcode-framework\src\visual-editor\hooks\useModal.tsx", "TypeScript JSX", 0, 97, 0, 0, 0, 0, 0, 7, 9, 113
"e:\enLearn\packages\lowcode-framework\src\visual-editor\hooks\useModel.tsx", "TypeScript JSX", 0, 38, 0, 0, 0, 0, 0, 0, 5, 43
"e:\enLearn\packages\lowcode-framework\src\visual-editor\hooks\useSandbox.ts", "TypeScript", 0, 0, 0, 0, 0, 0, 0, 0, 1, 1
"e:\enLearn\packages\lowcode-framework\src\visual-editor\hooks\useVisualData.ts", "TypeScript", 458, 0, 0, 0, 0, 0, 0, 48, 83, 589
"e:\enLearn\packages\lowcode-framework\src\visual-editor\hooks\useVisualPersistence.ts", "TypeScript", 13, 0, 0, 0, 0, 0, 0, 0, 5, 18
"e:\enLearn\packages\lowcode-framework\src\visual-editor\index.vue", "Vue", 0, 0, 0, 120, 0, 0, 0, 14, 14, 148
"e:\enLearn\packages\lowcode-framework\src\visual-editor\material-prop-forms\database.ts", "TypeScript", 107, 0, 0, 0, 0, 0, 0, 0, 19, 126
"e:\enLearn\packages\lowcode-framework\src\visual-editor\material-prop-forms\helpers.ts", "TypeScript", 153, 0, 0, 0, 0, 0, 0, 0, 13, 166
"e:\enLearn\packages\lowcode-framework\src\visual-editor\material-prop-forms\index.ts", "TypeScript", 26, 0, 0, 0, 0, 0, 0, 0, 1, 27
"e:\enLearn\packages\lowcode-framework\src\visual-editor\material-prop-forms\registry.ts", "TypeScript", 21, 0, 0, 0, 0, 0, 0, 0, 6, 27
"e:\enLearn\packages\lowcode-framework\src\visual-editor\material-prop-forms\table-field-options.ts", "TypeScript", 402, 0, 0, 0, 0, 0, 0, 4, 65, 471
"e:\enLearn\packages\lowcode-framework\src\visual-editor\material-prop-forms\types.ts", "TypeScript", 31, 0, 0, 0, 0, 0, 0, 0, 6, 37
"e:\enLearn\packages\lowcode-framework\src\visual-editor\material-prop-forms\visual-props.ts", "TypeScript", 186, 0, 0, 0, 0, 0, 0, 0, 35, 221
"e:\enLearn\packages\lowcode-framework\src\visual-editor\plugins\command.plugin.ts", "TypeScript", 120, 0, 0, 0, 0, 0, 0, 26, 11, 157
"e:\enLearn\packages\lowcode-framework\src\visual-editor\plugins\event.ts", "TypeScript", 16, 0, 0, 0, 0, 0, 0, 0, 2, 18
"e:\enLearn\packages\lowcode-framework\src\visual-editor\plugins\keyboard-code.ts", "TypeScript", 65, 0, 0, 0, 0, 0, 0, 0, 7, 72
"e:\enLearn\packages\lowcode-framework\src\visual-editor\types\index.d.ts", "TypeScript", 34, 0, 0, 0, 0, 0, 0, 11, 8, 53
"e:\enLearn\packages\lowcode-framework\src\visual-editor\utils\defer.ts", "TypeScript", 20, 0, 0, 0, 0, 0, 0, 0, 3, 23
"e:\enLearn\packages\lowcode-framework\src\visual-editor\utils\dialog-service.tsx", "TypeScript JSX", 0, 126, 0, 0, 0, 0, 0, 0, 12, 138
"e:\enLearn\packages\lowcode-framework\src\visual-editor\utils\index.ts", "TypeScript", 3, 0, 0, 0, 0, 0, 0, 14, 3, 20
"e:\enLearn\packages\lowcode-framework\src\visual-editor\utils\is.ts", "TypeScript", 74, 0, 0, 0, 0, 0, 0, 0, 26, 100
"e:\enLearn\packages\lowcode-framework\src\visual-editor\visual-editor.utils.ts", "TypeScript", 288, 0, 0, 0, 0, 0, 0, 102, 23, 413
"e:\enLearn\packages\lowcode-framework\src\visual-editor\visual.command.tsx", "TypeScript JSX", 0, 0, 0, 0, 0, 0, 0, 232, 1, 233
"e:\enLearn\packages\lowcode-framework\src\visual.config.tsx", "TypeScript JSX", 0, 36, 0, 0, 0, 0, 0, 3, 4, 43
"e:\enLearn\packages\lowcode-framework\tsconfig.json", "JSON with Comments", 0, 0, 49, 0, 0, 0, 0, 0, 1, 50
"e:\enLearn\suanfa\packages\compatibility\package.json", "JSON", 0, 0, 0, 0, 0, -16, 0, 0, -1, -17
"e:\enLearn\suanfa\packages\compatibility\src\index.ts", "TypeScript", -1, 0, 0, 0, 0, 0, 0, 0, -1, -2
"e:\enLearn\suanfa\packages\compatibility\tsconfig.json", "JSON with Comments", 0, 0, -10, 0, 0, 0, 0, 0, -1, -11
"e:\enLearn\suanfa\packages\fixture\package.json", "JSON", 0, 0, 0, 0, 0, -18, 0, 0, -1, -19
"e:\enLearn\suanfa\packages\fixture\src\calendar-fixture.ts", "TypeScript", -115, 0, 0, 0, 0, 0, 0, 0, -20, -135
"e:\enLearn\suanfa\packages\fixture\src\cluster-fixture.ts", "TypeScript", -234, 0, 0, 0, 0, 0, 0, 0, -33, -267
"e:\enLearn\suanfa\packages\fixture\src\index.ts", "TypeScript", -2, 0, 0, 0, 0, 0, 0, 0, -1, -3
"e:\enLearn\suanfa\packages\fixture\test\calendar-fixture.test.ts", "TypeScript", -24, 0, 0, 0, 0, 0, 0, 0, -6, -30
"e:\enLearn\suanfa\packages\fixture\test\cluster-fixture.test.ts", "TypeScript", -19, 0, 0, 0, 0, 0, 0, 0, -6, -25
"e:\enLearn\suanfa\packages\fixture\tsconfig.json", "JSON with Comments", 0, 0, -14, 0, 0, 0, 0, 0, -1, -15
"e:\enLearn\suanfa\packages\forecast\package.json", "JSON", 0, 0, 0, 0, 0, -16, 0, 0, -1, -17
"e:\enLearn\suanfa\packages\forecast\src\fixture.ts", "TypeScript", -387, 0, 0, 0, 0, 0, 0, 0, -44, -431
"e:\enLearn\suanfa\packages\forecast\src\forecast.ts", "TypeScript", -193, 0, 0, 0, 0, 0, 0, 0, -32, -225
"e:\enLearn\suanfa\packages\forecast\src\index.ts", "TypeScript", -4, 0, 0, 0, 0, 0, 0, 0, -1, -5
"e:\enLearn\suanfa\packages\forecast\src\netting.ts", "TypeScript", -109, 0, 0, 0, 0, 0, 0, 0, -9, -118
"e:\enLearn\suanfa\packages\forecast\src\timeseries.ts", "TypeScript", -948, 0, 0, 0, 0, 0, 0, 0, -63, -1011
"e:\enLearn\suanfa\packages\forecast\test\forecast.test.ts", "TypeScript", -49, 0, 0, 0, 0, 0, 0, 0, -10, -59
"e:\enLearn\suanfa\packages\forecast\tsconfig.json", "JSON with Comments", 0, 0, -12, 0, 0, 0, 0, 0, -1, -13
"e:\enLearn\suanfa\packages\graph\package.json", "JSON", 0, 0, 0, 0, 0, -16, 0, 0, -1, -17
"e:\enLearn\suanfa\packages\graph\src\index.ts", "TypeScript", -1, 0, 0, 0, 0, 0, 0, 0, -1, -2
"e:\enLearn\suanfa\packages\graph\src\supply-graph.ts", "TypeScript", -352, 0, 0, 0, 0, 0, 0, 0, -34, -386
"e:\enLearn\suanfa\packages\graph\test\supply-graph.test.ts", "TypeScript", -24, 0, 0, 0, 0, 0, 0, 0, -8, -32
"e:\enLearn\suanfa\packages\graph\tsconfig.json", "JSON with Comments", 0, 0, -9, 0, 0, 0, 0, 0, -1, -10
"e:\enLearn\suanfa\packages\kernel\package.json", "JSON", 0, 0, 0, 0, 0, -12, 0, 0, -1, -13
"e:\enLearn\suanfa\packages\kernel\src\date.ts", "TypeScript", -68, 0, 0, 0, 0, 0, 0, 0, -16, -84
"e:\enLearn\suanfa\packages\kernel\src\index.ts", "TypeScript", -3, 0, 0, 0, 0, 0, 0, 0, -1, -4
"e:\enLearn\suanfa\packages\kernel\src\numeric.ts", "TypeScript", -24, 0, 0, 0, 0, 0, 0, 0, -4, -28
"e:\enLearn\suanfa\packages\kernel\src\sequence.ts", "TypeScript", -10, 0, 0, 0, 0, 0, 0, 0, -3, -13
"e:\enLearn\suanfa\packages\kernel\test\date.test.ts", "TypeScript", -28, 0, 0, 0, 0, 0, 0, 0, -5, -33
"e:\enLearn\suanfa\packages\kernel\tsconfig.json", "JSON with Comments", 0, 0, -9, 0, 0, 0, 0, 0, -1, -10
"e:\enLearn\suanfa\packages\model\package.json", "JSON", 0, 0, 0, 0, 0, -15, 0, 0, -1, -16
"e:\enLearn\suanfa\packages\model\src\calendar.ts", "TypeScript", -186, 0, 0, 0, 0, 0, 0, 0, -32, -218
"e:\enLearn\suanfa\packages\model\src\index.ts", "TypeScript", -1, 0, 0, 0, 0, 0, 0, 0, -1, -2
"e:\enLearn\suanfa\packages\model\test\calendar.test.ts", "TypeScript", -69, 0, 0, 0, 0, 0, 0, 0, -9, -78
"e:\enLearn\suanfa\packages\model\tsconfig.json", "JSON with Comments", 0, 0, -10, 0, 0, 0, 0, 0, -1, -11
"e:\enLearn\suanfa\packages\mrp\package.json", "JSON", 0, 0, 0, 0, 0, -17, 0, 0, -1, -18
"e:\enLearn\suanfa\packages\mrp\src\aps.ts", "TypeScript", -7260, 0, 0, 0, 0, 0, 0, -67, -278, -7605
"e:\enLearn\suanfa\packages\mrp\src\fixture.ts", "TypeScript", -1797, 0, 0, 0, 0, 0, 0, -12, -74, -1883
"e:\enLearn\suanfa\packages\mrp\src\index.ts", "TypeScript", -4, 0, 0, 0, 0, 0, 0, 0, -1, -5
"e:\enLearn\suanfa\packages\mrp\src\mrp.ts", "TypeScript", -556, 0, 0, 0, 0, 0, 0, 0, -47, -603
"e:\enLearn\suanfa\packages\mrp\src\solver-architecture.ts", "TypeScript", -26, 0, 0, 0, 0, 0, 0, -5, -5, -36
"e:\enLearn\suanfa\packages\mrp\src\solver-state.ts", "TypeScript", -176, 0, 0, 0, 0, 0, 0, 0, -22, -198
"e:\enLearn\suanfa\packages\mrp\test\_debug.test.ts", "TypeScript", -42, 0, 0, 0, 0, 0, 0, 0, -3, -45
"e:\enLearn\suanfa\packages\mrp\test\_fixture-sweep.test.ts", "TypeScript", -149, 0, 0, 0, 0, 0, 0, 0, -8, -157
"e:\enLearn\suanfa\packages\mrp\test\buffer-max.test.ts", "TypeScript", -38, 0, 0, 0, 0, 0, 0, 0, -5, -43
"e:\enLearn\suanfa\packages\mrp\test\confirmed-purchase.test.ts", "TypeScript", -80, 0, 0, 0, 0, 0, 0, 0, -12, -92
"e:\enLearn\suanfa\packages\mrp\test\core-golden-next.test.ts", "TypeScript", -48, 0, 0, 0, 0, 0, 0, 0, -6, -54
"e:\enLearn\suanfa\packages\mrp\test\fixture-golden-batch.test.ts", "TypeScript", -96, 0, 0, 0, 0, 0, 0, 0, -6, -102
"e:\enLearn\suanfa\packages\mrp\test\fixtures-json\electronics-alternate-material.json", "JSON", 0, 0, 0, 0, 0, -75, 0, 0, -1, -76
"e:\enLearn\suanfa\packages\mrp\test\fixtures-json\electronics-capacity-shortage.json", "JSON", 0, 0, 0, 0, 0, -44, 0, 0, -1, -45
"e:\enLearn\suanfa\packages\mrp\test\fixtures-json\electronics-multi-level.json", "JSON", 0, 0, 0, 0, 0, -77, 0, 0, -1, -78
"e:\enLearn\suanfa\packages\mrp\test\fixtures-json\mechanical-confirmed-wip.json", "JSON", 0, 0, 0, 0, 0, -47, 0, 0, -1, -48
"e:\enLearn\suanfa\packages\mrp\test\fixtures-json\mechanical-routing.json", "JSON", 0, 0, 0, 0, 0, -94, 0, 0, -1, -95
"e:\enLearn\suanfa\packages\mrp\test\fixtures-json\mechanical-supplier-delay.json", "JSON", 0, 0, 0, 0, 0, -46, 0, 0, -1, -47
"e:\enLearn\suanfa\packages\mrp\test\flow-fixed.test.ts", "TypeScript", -28, 0, 0, 0, 0, 0, 0, 0, -5, -33
"e:\enLearn\suanfa\packages\mrp\test\json-scenarios.test.ts", "TypeScript", -179, 0, 0, 0, 0, 0, 0, 0, -25, -204
"e:\enLearn\suanfa\packages\mrp\test\operation-effective-lot-sizing.test.ts", "TypeScript", -37, 0, 0, 0, 0, 0, 0, 0, -6, -43
"e:\enLearn\suanfa\packages\mrp\test\operation-split.test.ts", "TypeScript", -32, 0, 0, 0, 0, 0, 0, 0, -5, -37
"e:\enLearn\suanfa\packages\mrp\test\period-of-cover.test.ts", "TypeScript", -34, 0, 0, 0, 0, 0, 0, 0, -10, -44
"e:\enLearn\suanfa\packages\mrp\test\resource-constrained.test.ts", "TypeScript", -27, 0, 0, 0, 0, 0, 0, 0, -6, -33
"e:\enLearn\suanfa\packages\mrp\test\resource-constraint-regression.test.ts", "TypeScript", -69, 0, 0, 0, 0, 0, 0, 0, -6, -75
"e:\enLearn\suanfa\packages\mrp\test\resource-fixture.test.ts", "TypeScript", -112, 0, 0, 0, 0, 0, 0, 0, -12, -124
"e:\enLearn\suanfa\packages\mrp\test\resource-unconstrained.test.ts", "TypeScript", -27, 0, 0, 0, 0, 0, 0, 0, -6, -33
"e:\enLearn\suanfa\packages\mrp\test\routing-stability.test.ts", "TypeScript", -31, 0, 0, 0, 0, 0, 0, 0, -7, -38
"e:\enLearn\suanfa\packages\mrp\test\solver-architecture.test.ts", "TypeScript", -23, 0, 0, 0, 0, 0, 0, 0, -4, -27
"e:\enLearn\suanfa\packages\mrp\test\solver-state.test.ts", "TypeScript", -50, 0, 0, 0, 0, 0, 0, 0, -7, -57
"e:\enLearn\suanfa\packages\mrp\test\stability.property.test.ts", "TypeScript", -129, 0, 0, 0, 0, 0, 0, 0, -9, -138
"e:\enLearn\suanfa\packages\mrp\tsconfig.json", "JSON with Comments", 0, 0, -13, 0, 0, 0, 0, 0, -1, -14
"e:\enLearn\suanfa\packages\timeline\package.json", "JSON", 0, 0, 0, 0, 0, -15, 0, 0, -1, -16
"e:\enLearn\suanfa\packages\timeline\src\index.ts", "TypeScript", -1, 0, 0, 0, 0, 0, 0, 0, -1, -2
"e:\enLearn\suanfa\packages\timeline\src\timeline.ts", "TypeScript", -309, 0, 0, 0, 0, 0, 0, 0, -40, -349
"e:\enLearn\suanfa\packages\timeline\test\timeline.test.ts", "TypeScript", -71, 0, 0, 0, 0, 0, 0, 0, -10, -81
"e:\enLearn\suanfa\packages\timeline\tsconfig.json", "JSON with Comments", 0, 0, -10, 0, 0, 0, 0, 0, -1, -11
"e:\enLearn\suanfa\packages\transaction\package.json", "JSON", 0, 0, 0, 0, 0, -15, 0, 0, -1, -16
"e:\enLearn\suanfa\packages\transaction\src\index.ts", "TypeScript", -1, 0, 0, 0, 0, 0, 0, 0, -1, -2
"e:\enLearn\suanfa\packages\transaction\src\transaction.ts", "TypeScript", -117, 0, 0, 0, 0, 0, 0, 0, -22, -139
"e:\enLearn\suanfa\packages\transaction\test\transaction.test.ts", "TypeScript", -51, 0, 0, 0, 0, 0, 0, 0, -14, -65
"e:\enLearn\suanfa\packages\transaction\tsconfig.json", "JSON with Comments", 0, 0, -10, 0, 0, 0, 0, 0, -1, -11
"Total", "-", 4724, 11143, -48, 19747, 2473, -437, 1686, 961, 5179, 45428